CreditScore,Age,Tenure,Balance,NumOfProducts,HasCrCard,IsActiveMember,EstimatedSalary,NewTenure,NewCreditsScore,NewAgeScore,NewBalanceScore,NewEstSalaryScore,y_test,ypred_rfc1_sm,ypred_rfc2_sm,ypred_lgbm1_sm
640,46,3,0,1,1,1,156260,0,3,7,2,8,0,1,1,1
601,38,0,0,2,1,0,165196,0,2,5,1,9,0,0,0,0
807,42,5,0,2,1,1,74900,0,6,6,2,4,0,0,0,0
518,40,4,0,2,0,1,194416,0,1,5,1,10,0,0,0,0
612,43,4,139496,2,1,1,77128,0,3,6,5,4,0,0,0,0
604,36,10,113546,1,1,1,134875,0,2,4,4,7,0,0,0,0
764,38,4,113607,1,1,0,91094,0,6,5,4,5,0,0,0,0
476,37,4,0,1,1,1,55775,0,1,4,1,3,1,0,0,0
739,27,8,98926,1,1,1,106969,0,5,1,3,6,0,0,0,0
516,53,1,156674,1,1,0,118502,0,1,8,5,6,1,1,1,1
633,40,4,150578,1,0,1,34670,0,3,5,5,2,1,0,0,0
784,48,7,0,2,1,1,182609,0,6,7,1,10,0,0,0,0
631,41,0,0,1,0,0,87959,0,3,6,1,5,0,1,1,1
681,48,8,139480,1,1,1,163581,0,4,7,5,9,0,1,0,0
445,30,3,0,2,1,1,127939,0,1,2,1,7,0,0,0,0
684,26,2,114035,1,0,0,96885,0,4,1,4,5,0,0,0,0
719,35,8,0,1,1,1,165162,0,5,3,2,9,0,0,0,0
705,43,10,146547,1,0,1,10072,0,5,6,5,1,1,1,0,0
705,43,7,79974,1,1,1,103108,0,5,6,3,6,0,0,0,0
764,24,7,106234,1,0,0,115676,0,6,1,3,6,0,0,0,0
638,34,5,146679,1,1,0,102179,0,3,3,5,6,0,0,0,0
521,41,8,120586,1,0,1,20491,0,1,6,4,2,0,0,0,0
737,50,4,127552,2,1,0,4225,0,5,7,4,1,0,1,1,1
773,39,4,0,2,0,1,182081,0,6,5,1,10,0,0,0,0
644,46,9,95441,1,1,0,108761,0,3,7,3,6,1,1,1,1
602,33,5,164704,1,0,1,180716,0,2,3,5,10,1,0,0,0
639,46,10,110031,2,1,1,133995,0,3,7,3,7,0,0,0,0
606,23,10,70417,1,0,1,90896,0,2,1,2,5,0,0,0,0
530,48,0,0,1,1,0,85081,0,1,7,1,5,0,1,1,1
603,39,9,76769,1,0,0,48224,0,2,5,3,3,0,1,1,0
691,38,7,0,2,0,0,81617,0,4,5,1,5,0,0,0,0
707,37,1,0,2,0,1,6035,0,5,4,2,1,0,0,0,0
590,40,2,117641,2,0,0,92198,0,2,5,4,5,0,1,1,1
563,35,2,183572,1,1,1,66006,0,2,3,5,4,1,0,0,0
835,18,2,142872,1,1,1,117632,0,6,1,5,6,0,0,0,0
730,34,5,122453,2,1,0,138882,0,5,3,4,7,0,0,0,0
628,37,9,0,2,1,1,34689,0,3,4,2,2,0,0,0,0
553,46,3,82291,1,1,0,112549,0,1,7,3,6,1,1,1,1
622,30,2,158584,3,1,0,142342,0,3,2,5,8,1,0,1,1
609,35,2,147900,1,1,0,140000,0,3,3,5,8,0,0,1,0
748,41,2,91621,1,1,1,71139,0,5,6,3,4,0,0,0,0
688,38,7,148045,1,1,0,175479,0,4,5,5,9,1,1,1,1
588,33,2,0,2,1,1,12483,0,2,3,2,1,0,0,0,0
753,35,4,0,2,1,1,106303,0,6,3,2,6,0,0,0,0
673,77,10,76510,2,0,1,59595,0,4,8,3,3,0,0,0,0
575,29,4,121823,2,1,1,50368,0,2,2,4,3,0,0,0,0
696,38,6,142316,1,1,1,8018,0,5,5,5,1,0,0,0,0
686,34,3,123971,2,1,0,147794,0,4,3,4,8,0,0,0,0
509,32,9,170661,1,1,1,21646,0,1,2,5,2,0,0,0,0
502,40,7,117304,1,0,0,196278,0,1,5,4,10,0,1,1,1
797,32,1,151922,1,1,0,8877,0,6,2,5,1,0,0,0,0
511,48,6,149726,1,0,0,88307,0,1,7,5,5,1,1,1,1
600,35,4,143744,2,1,0,104076,0,2,3,5,6,0,0,0,0
635,38,1,0,2,1,0,90605,0,3,5,1,5,0,0,0,0
658,55,8,119327,1,0,1,119439,0,4,8,4,6,0,1,1,1
655,37,6,109093,2,1,0,1775,0,4,4,3,1,0,0,0,0
623,44,1,83325,1,0,1,80828,0,3,6,3,5,0,1,1,1
606,40,5,0,2,1,1,70899,0,2,5,1,4,0,0,0,0
638,34,5,133501,1,0,1,155643,0,3,3,4,8,0,0,0,0
621,43,5,0,1,1,1,47578,0,3,6,1,3,0,1,0,0
705,33,3,144427,2,1,0,113845,0,5,3,5,6,0,0,0,0
621,55,7,131033,1,0,1,75685,0,3,8,4,4,1,1,1,1
811,30,6,0,2,1,1,180591,0,6,2,2,10,0,0,0,0
546,47,8,0,1,1,1,66408,0,1,7,1,4,1,1,1,0
753,47,1,131160,1,1,0,197444,0,6,7,4,10,0,1,1,1
680,37,6,124140,2,1,0,92826,0,4,4,4,5,0,0,0,0
802,38,1,142557,1,1,1,172497,0,6,5,5,9,0,0,0,0
794,33,0,0,2,0,0,178122,0,6,3,2,9,0,0,0,0
762,35,3,119349,3,1,1,47114,0,6,3,4,3,1,0,1,1
529,31,6,152310,1,1,0,13054,0,1,2,5,1,0,0,0,0
591,36,7,135216,1,1,1,122022,0,2,4,5,7,0,0,0,0
761,38,1,120530,2,1,0,109394,0,6,5,4,6,0,0,0,0
809,33,3,0,2,0,1,141426,0,6,3,1,8,0,0,0,0
609,39,8,141675,1,0,1,175664,0,3,5,5,9,0,0,0,0
741,38,4,128015,1,1,0,58440,0,5,5,4,3,0,1,1,1
550,36,2,113877,2,1,0,174921,0,1,4,4,9,0,0,0,0
636,29,3,97325,1,0,1,131924,0,3,2,3,7,0,0,0,0
677,40,7,95312,1,1,1,62944,0,4,5,3,4,0,0,0,0
651,47,2,0,2,1,1,119808,0,3,7,2,7,0,0,0,0
559,40,5,139129,1,0,1,32635,0,2,5,5,2,0,0,0,0
569,25,9,173459,2,1,1,44381,0,2,1,5,3,0,0,0,0
788,33,5,0,2,0,0,116978,0,6,3,1,6,0,0,0,0
593,33,1,0,2,0,0,9984,0,2,3,2,1,0,0,0,0
489,31,7,139395,1,0,1,6120,0,1,2,5,1,0,0,0,0
534,55,8,116973,3,1,0,122066,0,1,8,4,7,1,1,1,1
604,34,3,0,2,1,0,38587,0,2,3,2,2,0,0,0,0
608,40,8,121729,1,0,0,61164,0,2,5,4,4,0,1,1,1
820,33,2,132150,2,1,0,23067,0,6,3,4,2,0,0,0,0
614,36,5,0,2,1,0,130610,0,3,4,2,7,0,0,0,0
710,30,6,0,2,1,1,8991,0,5,2,1,1,0,0,0,0
593,38,4,88736,2,1,0,67020,0,2,5,3,4,0,0,0,0
559,29,1,0,2,0,0,155639,0,2,2,1,8,0,0,0,0
624,34,6,0,1,1,0,582,0,3,3,2,1,1,0,0,0
555,31,8,145875,1,1,0,137491,0,2,2,5,7,0,0,0,0
536,23,6,92366,2,1,0,120661,0,1,1,3,7,0,0,0,0
679,39,6,0,2,1,0,12266,0,4,5,2,1,0,0,0,0
630,28,1,0,2,1,1,133267,0,3,1,2,7,0,0,0,0
745,36,8,67226,1,1,0,130789,0,5,4,2,7,0,1,1,0
811,42,10,0,2,1,1,3797,0,6,6,1,1,0,0,0,0
627,32,1,0,1,1,0,106851,0,3,2,1,6,0,0,1,1
590,29,10,99250,1,1,1,129629,0,2,2,3,7,0,0,0,0
613,42,7,115076,1,1,1,79323,0,3,6,4,4,0,0,0,0
732,29,1,154333,1,1,1,138527,0,5,2,5,7,0,0,0,0
553,44,4,0,1,1,0,10789,0,1,6,1,1,0,1,1,1
586,46,0,0,3,0,1,131553,0,2,7,2,7,1,1,1,1
850,32,0,116968,1,0,0,175094,0,6,2,4,9,0,0,0,0
521,39,6,0,2,0,1,27375,0,1,5,1,2,0,0,0,0
627,29,5,139541,2,1,0,80607,0,3,2,5,5,0,0,0,0
615,66,7,0,2,1,1,74580,0,3,8,1,4,0,0,0,0
840,36,6,0,2,1,0,141364,0,6,4,1,8,0,0,0,0
521,29,3,60280,1,1,0,154271,0,1,2,2,8,0,0,0,0
621,37,9,83061,2,1,0,9170,0,3,4,3,1,0,0,0,0
788,43,10,0,2,1,1,116111,0,6,6,1,6,0,0,0,0
620,36,7,169312,1,1,0,45414,0,3,4,5,3,0,1,1,1
627,28,3,157597,1,0,1,34097,0,3,1,5,2,0,0,0,0
681,67,7,0,2,0,1,163714,0,4,8,1,9,0,0,0,0
806,31,10,138653,1,1,0,190803,0,6,2,5,10,0,0,0,0
633,37,9,156091,1,1,0,72008,0,3,4,5,4,0,1,0,0
681,63,7,0,2,1,1,55054,0,4,8,2,3,0,0,0,0
508,49,1,93817,2,1,1,132468,0,1,7,3,7,1,0,0,0
544,26,6,0,1,1,0,100200,0,1,1,2,6,1,0,0,0
669,50,4,149713,3,1,1,124872,0,4,7,5,7,1,1,1,1
583,59,7,127450,1,0,1,67552,0,2,8,4,4,0,1,0,0
733,28,5,0,2,0,0,12761,0,5,1,2,1,0,0,0,0
682,69,6,0,2,0,1,149604,0,4,8,2,8,0,0,0,0
513,72,3,98903,1,1,1,81251,0,1,8,3,5,0,0,0,0
788,55,3,0,1,0,1,13288,0,6,8,1,1,1,1,1,1
709,34,4,148375,2,1,1,21521,0,5,3,5,2,0,0,0,0
693,45,4,0,2,1,1,26589,0,4,7,2,2,0,0,0,0
781,35,1,0,2,0,0,42117,0,6,3,2,3,0,0,0,0
645,33,8,149564,1,0,0,149913,0,3,3,5,8,0,0,0,0
805,45,9,116585,1,1,0,189428,0,6,7,4,10,1,1,1,1
850,41,1,176958,2,0,1,125806,0,6,6,5,7,0,0,0,0
482,48,2,69329,1,0,0,102640,0,1,7,2,6,1,1,1,1
712,35,7,124616,1,1,1,69320,0,5,3,4,4,0,0,0,0
570,35,6,85668,1,1,0,105525,0,2,3,3,6,0,0,1,0
671,29,3,0,2,1,0,158043,0,4,2,2,8,0,0,0,0
623,21,10,0,2,0,1,135851,0,3,1,1,7,0,0,0,0
454,50,10,92895,1,1,0,154344,0,1,7,3,8,1,1,1,1
478,43,1,0,2,1,1,197916,0,1,6,1,10,0,0,0,0
610,27,2,0,2,1,0,14546,0,3,1,2,1,0,0,0,0
693,40,4,130661,1,1,1,101918,0,4,5,4,6,0,0,0,0
813,36,6,98088,1,0,1,26687,0,6,4,3,2,1,0,0,0
681,57,2,173306,1,0,1,131964,0,4,8,5,7,0,1,0,1
479,24,6,107637,2,0,1,169505,0,1,1,3,9,0,0,0,0
797,29,1,0,1,0,1,149991,0,6,2,2,8,0,0,0,0
602,29,5,103907,1,1,0,161229,0,2,2,3,9,0,0,0,0
687,26,6,0,2,1,1,32909,0,4,1,2,2,0,0,0,0
606,35,2,132164,1,0,1,164815,0,2,3,4,9,0,0,0,0
519,48,10,71083,1,1,0,137959,0,1,7,2,7,0,1,1,1
489,40,3,221532,1,1,0,171867,0,1,5,5,9,0,1,1,1
690,33,5,0,2,1,0,138017,0,4,3,1,7,0,0,0,0
563,61,1,82182,1,1,0,106826,0,2,8,3,6,1,1,1,1
682,26,0,110654,1,0,1,111879,0,4,1,4,6,0,0,0,0
664,48,10,0,1,1,0,140173,0,4,7,1,8,1,1,1,1
757,34,1,129398,2,0,0,44965,0,6,3,4,3,0,0,0,0
741,21,9,0,2,0,1,139259,0,5,1,1,7,0,0,0,0
627,37,2,125190,1,0,1,84584,0,3,4,4,5,0,0,0,0
599,30,9,105443,1,1,1,121124,0,2,2,3,7,0,0,0,0
744,34,3,0,2,1,0,27244,0,5,3,2,2,0,0,0,0
666,41,10,141162,1,1,0,50908,0,4,6,5,3,0,1,1,0
627,27,0,185267,2,1,1,77027,0,3,1,5,4,0,0,0,0
701,63,3,120916,3,0,0,144727,0,5,8,4,8,1,1,1,1
739,41,5,0,2,0,0,143882,0,5,6,1,8,0,0,0,0
687,33,9,135962,2,1,0,121747,0,4,3,5,7,0,0,0,0
789,53,1,158271,1,1,1,5036,0,6,8,5,1,1,0,0,0
628,22,3,0,1,1,0,85426,0,3,1,1,5,0,0,0,0
850,34,2,72079,1,1,1,115767,0,6,3,2,6,0,0,0,0
573,35,9,134498,2,1,1,119924,0,2,3,5,7,0,0,0,0
850,66,0,127120,1,0,1,118929,0,6,8,4,6,1,0,0,0
682,29,6,101012,1,0,0,32589,0,4,2,3,2,1,0,0,0
577,36,3,121092,2,0,1,143783,0,2,4,4,8,0,0,0,0
759,22,5,0,1,1,0,22303,0,6,1,1,2,0,0,0,0
515,40,10,121355,1,1,0,138360,0,1,5,4,7,0,1,1,0
839,51,3,0,1,1,1,69101,0,6,7,1,4,1,1,1,1
670,42,5,49508,3,1,1,100324,0,4,6,2,6,0,1,1,1
684,38,5,105069,2,1,1,198355,0,4,5,3,10,0,0,0,0
480,44,10,129608,1,1,0,5472,0,1,6,4,1,1,1,1,0
592,41,2,138734,1,1,0,90020,0,2,6,5,5,0,1,1,1
527,36,6,0,2,1,1,102280,0,1,4,1,6,0,0,0,0
612,38,7,110615,1,1,1,193502,0,3,5,4,10,0,0,0,0
562,48,3,92347,1,1,1,163116,0,2,7,3,9,0,1,1,1
519,38,1,114141,1,1,1,60988,0,1,5,4,4,1,0,0,0
618,48,7,0,1,1,0,13921,0,3,7,1,1,1,1,1,1
479,47,6,121797,1,0,1,5811,0,1,7,4,1,1,1,1,1
501,40,2,0,2,0,0,141946,0,1,5,1,8,0,0,0,0
650,34,4,142393,1,1,1,11276,0,3,3,5,1,0,0,0,0
605,32,9,0,2,1,1,55724,0,2,2,1,3,0,0,0,0
747,49,6,202904,1,1,1,17298,0,5,7,5,1,1,1,1,1
618,40,0,0,1,1,0,119059,0,3,5,2,6,0,1,1,1
539,39,2,0,2,1,1,48189,0,1,5,1,3,0,0,0,0
490,29,4,0,2,1,0,32089,0,1,2,1,2,0,0,0,0
716,34,9,0,1,1,1,66695,0,5,3,2,4,0,0,0,0
598,47,2,0,2,1,1,186116,0,2,7,1,10,0,0,0,0
685,58,1,104796,1,1,1,154181,0,4,8,3,8,0,0,0,1
680,36,3,116275,1,1,1,63795,0,4,4,4,4,0,0,0,0
611,64,9,0,2,1,1,53277,0,3,8,1,3,0,0,0,0
720,43,10,110822,1,0,0,72861,0,5,6,4,4,0,1,1,0
528,31,9,120962,1,1,0,5419,0,1,2,4,1,0,0,0,0
774,76,4,112510,1,1,1,143133,0,6,8,4,8,0,0,0,0
629,33,6,0,2,1,1,59129,0,3,3,2,3,0,0,0,0
459,48,4,133994,1,1,1,19287,0,1,7,5,1,1,1,1,1
513,45,0,164649,3,1,0,49915,0,1,7,5,3,1,1,1,1
742,43,6,97067,1,0,1,60920,0,5,6,3,4,1,1,0,0
479,26,1,0,2,1,1,19116,0,1,1,1,1,0,0,0,0
605,75,2,61319,1,0,1,186655,0,2,8,2,10,0,0,0,0
562,33,6,0,2,1,0,111590,0,2,3,2,6,0,0,0,0
605,33,4,0,2,0,1,83700,0,2,3,1,5,0,0,0,0
696,41,9,127523,1,0,1,191417,0,5,6,4,10,0,0,0,0
850,34,3,129668,2,1,1,88743,0,6,3,4,5,0,0,0,0
830,40,8,77701,1,0,1,19512,0,6,5,3,1,0,0,0,0
756,39,5,149363,2,1,1,109098,0,6,5,5,6,0,0,0,0
623,24,7,148167,2,1,1,109470,0,3,1,5,6,0,0,0,0
543,36,3,0,2,0,0,26019,0,1,4,1,2,0,0,0,0
708,54,8,145151,1,0,1,125311,0,5,8,5,7,1,1,0,0
667,31,3,99513,1,1,1,189657,0,4,2,3,10,0,0,0,0
635,29,1,0,1,0,1,24865,0,3,2,1,2,0,0,0,0
704,36,2,175509,2,1,0,152039,0,5,4,5,8,0,0,0,0
720,37,2,120328,2,1,1,138470,0,5,4,4,7,0,0,0,0
603,44,9,0,1,1,0,138328,0,2,6,2,7,0,1,1,1
616,41,1,103560,1,1,0,236,0,3,6,3,1,1,1,1,0
689,40,5,154251,1,0,1,118319,0,4,5,5,6,0,0,0,0
653,44,8,0,2,1,1,154639,0,4,6,2,8,0,0,0,0
733,30,0,83319,1,0,0,57769,0,5,2,3,3,0,0,0,0
689,58,5,0,2,0,1,49848,0,4,8,1,3,0,0,0,0
667,38,1,87202,1,1,1,77866,0,4,5,3,4,0,0,0,0
599,34,8,0,2,1,1,174196,0,2,3,2,9,0,0,0,0
606,47,3,93578,2,0,1,137720,0,2,7,3,7,1,0,0,0
731,39,2,0,2,1,0,136737,0,5,5,2,7,0,0,0,0
589,29,2,0,2,0,1,98320,0,2,2,1,5,0,0,0,0
688,42,5,0,2,0,0,197602,0,4,6,1,10,0,1,0,0
732,36,7,126195,1,1,1,133172,0,5,4,4,7,0,0,0,0
515,58,2,131852,1,1,0,81436,0,1,8,4,5,1,1,1,1
707,33,8,136678,1,1,0,54290,0,5,3,5,3,0,0,0,0
514,30,7,0,1,0,1,125010,0,1,2,1,7,0,0,0,0
648,54,9,120633,1,0,0,5924,0,3,8,4,1,1,1,1,1
687,35,3,99587,1,1,1,1713,0,4,3,3,1,1,0,0,0
781,20,0,125023,2,1,1,108301,0,6,1,4,6,0,0,0,0
831,44,3,111100,1,1,1,28144,0,6,6,4,2,1,0,0,0
651,33,1,96834,1,1,0,108764,0,3,3,3,6,0,0,0,0
773,34,10,126979,1,0,0,36823,0,6,3,4,2,0,0,0,0
819,35,1,0,2,0,1,3385,0,6,3,2,1,0,0,0,0
458,43,1,106870,2,1,0,100564,0,1,6,3,6,0,1,0,0
467,51,10,114514,2,1,0,177784,0,1,7,4,9,1,1,1,1
468,42,5,0,2,1,0,125305,0,1,6,1,7,0,1,0,0
735,38,1,0,3,0,0,92220,0,5,5,1,5,1,0,1,0
640,20,4,0,2,0,1,78310,0,3,1,2,4,0,0,0,0
595,46,5,142360,2,1,0,48421,0,2,7,5,3,1,1,1,1
697,42,10,0,2,1,0,61312,0,5,6,2,4,0,0,0,0
571,33,3,71843,1,1,0,26772,0,2,3,2,2,0,0,0,0
546,25,7,127728,2,1,1,105279,0,1,1,4,6,0,0,0,0
697,32,7,175464,3,1,0,116442,0,5,2,5,6,1,0,1,1
703,29,3,122084,1,0,1,82824,0,5,2,4,5,0,0,0,0
658,28,9,152812,1,1,0,166682,0,4,1,5,9,0,0,0,0
773,63,9,111179,1,1,1,93091,0,6,8,4,5,0,0,0,0
473,32,5,146602,2,1,1,72946,0,1,2,5,4,0,0,0,0
507,33,7,0,2,1,1,85411,0,1,3,2,5,0,0,0,0
556,40,9,129860,1,0,0,17992,0,2,5,4,1,0,1,1,1
738,62,10,83008,1,1,1,42766,0,5,8,3,3,0,0,0,0
739,32,3,102128,1,1,0,63981,0,5,2,3,4,1,0,0,0
659,20,8,0,2,0,0,112572,0,4,1,2,6,0,0,0,0
616,29,9,0,1,1,1,166984,0,3,2,1,9,0,0,0,0
629,35,7,156847,2,1,0,31824,0,3,3,5,2,0,0,0,0
434,33,3,0,1,1,1,2739,0,1,3,2,1,0,0,0,0
670,42,6,112333,1,1,1,65706,0,4,6,4,4,0,0,0,0
628,50,4,143054,1,0,1,109608,0,3,7,5,6,1,1,1,1
757,23,2,80673,2,1,0,93991,0,6,1,3,5,0,0,0,0
801,43,4,158713,2,0,0,98586,0,6,6,5,5,0,1,0,0
666,40,5,0,2,1,0,147878,0,4,5,2,8,0,0,0,0
648,36,8,146943,2,1,1,130041,0,3,4,5,7,0,0,0,0
772,48,6,108736,1,1,0,184564,0,6,7,3,10,1,1,1,1
522,30,3,0,2,1,0,145490,0,1,2,2,8,0,0,0,0
655,39,6,94631,2,1,1,148948,0,4,5,3,8,0,0,0,0
554,35,6,117707,2,0,0,95277,0,2,3,4,5,1,0,0,0
751,52,8,0,2,0,1,179291,0,6,8,1,9,0,0,0,0
696,34,9,150856,1,0,1,8236,0,5,3,5,1,0,0,0,0
754,50,7,146777,2,0,1,150685,0,6,7,5,8,0,0,0,0
704,24,2,148197,2,1,0,182775,0,5,1,5,10,0,0,0,0
502,64,3,139663,1,0,1,100995,0,1,8,5,6,0,0,0,0
701,34,6,107980,1,1,1,119374,0,5,3,3,6,0,0,0,0
506,28,8,53053,1,0,1,24577,0,1,1,2,2,0,0,0,0
592,28,2,116498,1,1,0,144290,0,2,1,4,8,0,0,0,0
544,22,4,0,2,1,0,70007,0,1,1,2,4,0,0,0,0
614,40,6,0,1,1,1,20339,0,3,5,1,2,1,0,0,0
654,32,9,121455,1,1,0,190068,0,4,2,4,10,1,0,0,0
792,29,4,107601,1,1,0,18922,0,6,2,3,1,1,0,0,0
723,25,3,0,2,1,1,134509,0,5,1,1,7,0,0,0,0
710,22,8,0,3,1,0,107292,0,5,1,2,6,0,0,0,0
515,45,7,120961,3,1,1,39288,0,1,7,4,2,1,1,1,1
451,38,9,61482,1,1,1,167538,0,1,5,2,9,0,0,0,0
646,33,2,0,2,0,0,198208,0,3,3,2,10,0,0,0,0
754,61,5,146622,1,1,1,41815,0,6,8,5,3,1,0,0,0
674,37,3,0,1,1,0,158049,0,4,4,2,8,0,1,1,1
850,22,3,0,1,1,1,144385,0,6,1,1,8,0,0,0,0
764,30,5,0,2,0,1,105155,0,6,2,2,6,0,0,0,0
731,33,5,137388,2,1,0,165000,0,5,3,5,9,0,0,0,0
521,22,10,0,1,1,1,101311,0,1,1,2,6,0,0,0,0
683,34,9,114609,2,0,1,25339,0,4,3,4,2,0,0,0,0
560,35,1,0,2,1,0,3701,0,2,3,2,1,0,0,0,0
593,74,5,161434,2,1,1,65532,0,2,8,5,4,0,0,0,0
725,25,9,0,2,1,1,168607,0,5,1,2,9,0,0,0,0
652,31,3,103696,3,0,0,155221,0,3,2,3,8,1,0,1,1
784,42,2,109052,2,1,0,6409,0,6,6,3,1,0,1,0,0
744,30,1,124037,1,1,1,142210,0,5,2,4,8,0,0,0,0
638,46,9,139859,1,1,0,38967,0,3,7,5,2,0,1,1,1
818,36,4,0,2,1,1,8037,0,6,4,2,1,0,0,0,0
637,36,2,152606,1,1,1,71692,0,3,4,5,4,0,0,0,0
645,59,8,121669,2,0,0,91,0,3,8,4,1,1,1,1,1
746,34,6,141806,2,1,1,183494,0,5,3,5,10,0,0,0,0
850,40,7,104449,1,1,1,747,0,6,5,3,1,0,0,0,0
573,44,8,0,2,0,0,62424,0,2,6,2,4,0,1,0,0
672,34,9,0,2,1,0,161800,0,4,3,1,9,0,0,0,0
670,43,1,97792,1,0,0,120225,0,4,6,3,7,0,1,1,1
584,35,2,114321,2,0,0,15959,0,2,3,4,1,0,0,0,0
554,37,4,58629,1,0,0,182038,0,2,4,2,10,0,1,1,1
543,42,7,0,1,1,1,56650,0,1,6,2,3,0,0,0,0
648,37,7,0,2,1,0,194238,0,3,4,2,10,0,0,0,0
671,45,2,106376,1,0,1,158264,0,4,7,3,8,0,1,1,1
660,41,1,129901,1,1,0,26025,0,4,6,4,2,1,1,1,1
483,27,1,77805,1,1,1,2101,0,1,1,3,1,0,0,0,0
634,74,5,108891,1,1,0,10078,0,3,8,3,1,0,1,1,1
614,66,2,0,2,0,1,180082,0,3,8,2,10,0,0,0,0
667,36,8,139753,1,1,0,79871,0,4,4,5,4,0,1,1,0
612,46,9,161450,1,1,1,96961,0,3,7,5,5,1,1,0,0
651,56,4,0,1,0,0,84383,0,3,8,2,5,1,1,1,1
678,48,2,0,2,1,1,32301,0,4,7,2,2,0,0,0,0
753,36,7,128518,1,1,1,44567,0,6,4,4,3,1,0,0,0
551,59,2,166968,1,1,0,159483,0,1,8,5,8,1,1,1,1
602,39,6,154121,2,1,0,176614,0,2,5,5,9,1,0,0,0
593,45,6,79259,1,1,0,55347,0,2,7,3,3,0,1,1,1
689,45,0,130170,2,1,0,150856,0,4,7,4,8,0,1,1,1
644,37,9,0,2,1,1,96442,0,3,4,2,5,0,0,0,0
621,34,2,91258,2,1,0,44857,0,3,3,3,3,0,0,0,0
729,29,5,109676,1,1,1,25548,0,5,2,3,2,0,0,0,0
513,40,3,141004,1,1,0,105028,0,1,5,5,6,0,1,1,1
449,52,6,0,2,0,1,123622,0,1,8,1,7,0,0,0,0
547,39,6,74596,3,1,1,85746,0,1,5,3,5,1,0,1,1
831,44,10,0,1,0,1,47729,0,6,6,2,3,0,0,0,0
610,36,4,129440,2,1,0,102638,0,3,4,4,6,0,0,0,0
715,38,0,0,2,1,1,332,0,5,5,2,1,0,0,0,0
735,38,7,86131,2,0,0,93478,0,5,5,3,5,0,0,0,0
492,51,8,117808,2,1,1,67311,0,1,7,4,4,0,0,0,0
655,32,6,130935,1,1,0,9241,0,4,2,4,1,1,0,0,0
521,30,2,107316,1,1,0,64299,0,1,2,3,4,0,0,0,0
689,34,1,165312,1,1,0,155495,0,4,3,5,8,0,0,0,0
801,46,6,0,2,1,1,170008,0,6,7,2,9,0,0,0,0
644,37,6,117271,2,1,0,104217,0,3,4,4,6,1,0,0,0
538,25,5,62482,1,1,1,102758,0,1,1,2,6,0,0,0,0
678,83,6,123356,1,0,1,92934,0,4,8,4,5,0,0,0,0
603,30,6,129548,2,1,1,19282,0,2,2,4,1,0,0,0,0
479,34,5,117593,2,0,0,113308,0,1,3,4,6,0,0,0,0
625,40,7,141267,1,0,1,177397,0,3,5,5,9,0,0,0,0
779,37,7,120092,2,1,0,135925,0,6,4,4,7,0,0,0,0
681,59,4,122781,1,0,1,140166,0,4,8,4,8,0,1,0,0
763,32,1,108465,2,1,0,60552,0,6,2,3,3,1,0,0,0
653,60,2,120731,4,1,1,138160,0,4,8,4,7,1,1,1,1
537,47,4,124192,2,1,1,50881,0,1,7,4,3,0,0,0,0
758,51,8,81710,1,1,1,116520,0,6,7,3,6,0,0,0,0
763,67,9,148564,1,0,1,87236,0,6,8,5,5,0,0,0,0
706,42,9,0,2,1,1,28714,0,5,6,1,2,0,0,0,0
529,31,2,164003,2,1,1,60993,0,1,2,5,4,0,0,0,0
802,51,7,0,1,0,1,40855,0,6,7,2,2,0,1,1,1
656,27,3,150905,2,1,0,16998,0,4,1,5,1,0,0,0,0
470,34,9,0,2,0,1,89013,0,1,3,1,5,0,0,0,0
714,52,2,0,1,0,1,144045,0,5,8,2,8,1,1,1,1
749,41,5,57568,1,1,1,61128,0,6,6,2,4,0,0,0,0
637,21,10,125712,1,0,0,175072,0,3,1,4,9,0,0,0,0
588,42,2,164307,1,1,0,48498,0,2,6,5,3,0,1,1,1
698,40,0,92053,1,1,1,143681,0,5,5,3,8,0,0,0,0
683,30,1,113257,1,1,1,65035,0,4,2,4,4,0,0,0,0
605,39,6,111169,1,0,0,9641,0,2,5,4,1,0,1,1,1
605,48,6,0,2,1,1,40062,0,2,7,1,2,0,0,0,0
670,37,4,170557,2,1,0,198252,0,4,4,5,10,0,0,0,0
580,23,5,113923,2,0,0,196241,0,2,1,4,10,0,0,0,0
767,45,7,132746,2,1,0,26628,0,6,7,4,2,1,1,1,0
628,50,8,0,1,0,0,144366,0,3,7,2,8,1,1,1,1
669,42,1,103873,1,1,0,148611,0,4,6,3,8,0,1,1,1
502,57,3,101465,1,1,0,43568,0,1,8,3,3,1,1,1,1
692,45,6,152296,4,0,1,108040,0,4,7,5,6,1,1,1,1
613,37,3,171653,1,0,1,5353,0,3,4,5,1,0,0,0,0
803,32,9,192122,1,1,1,54277,0,6,2,5,3,1,0,0,0
350,51,10,0,1,1,1,125823,0,1,7,2,7,1,1,1,0
687,34,9,125474,1,1,0,198929,0,4,3,4,10,0,0,0,0
607,39,8,105103,1,1,0,104721,0,2,5,3,6,1,1,1,1
634,37,5,115345,2,0,0,168781,0,3,4,4,9,0,0,0,1
748,60,3,0,2,1,1,78194,0,5,8,1,4,0,0,0,0
749,46,10,78136,2,1,1,73470,0,6,7,3,4,0,0,0,0
494,27,2,0,2,1,0,22404,0,1,1,1,2,0,0,0,0
698,56,1,112414,2,0,0,93982,0,5,8,4,5,1,1,1,1
651,34,9,0,2,1,0,138113,0,3,3,1,7,0,0,0,0
659,32,2,155584,1,0,1,153662,0,4,2,5,8,0,0,0,0
491,61,8,0,2,0,1,139861,0,1,8,1,8,0,0,0,0
528,40,4,0,2,1,0,25399,0,1,5,1,2,0,0,0,0
780,76,10,121313,1,0,1,64872,0,6,8,4,4,0,0,0,0
611,27,7,0,2,1,1,157474,0,3,1,2,8,0,0,0,0
742,39,8,140004,1,1,1,92985,0,5,5,5,5,0,0,0,0
766,38,7,130933,1,0,1,2035,0,6,5,4,1,0,0,0,0
850,40,9,0,2,0,1,119232,0,6,5,1,6,0,0,0,0
716,66,5,121411,1,0,0,10070,0,5,8,4,1,1,1,1,1
758,52,7,125095,1,1,0,171189,0,6,8,4,9,1,1,1,1
500,34,4,0,2,1,0,12833,0,1,3,2,1,0,0,0,0
690,42,3,92578,2,0,0,70810,0,4,6,3,4,0,1,1,1
606,40,1,144757,2,1,1,166656,0,2,5,5,9,0,0,0,0
749,35,3,0,3,1,1,132649,0,6,3,1,7,0,0,0,0
826,26,5,142662,1,0,0,60285,0,6,1,5,3,0,0,0,0
534,62,2,0,2,0,0,42763,0,1,8,1,3,1,1,1,1
667,36,3,121542,2,1,1,186841,0,4,4,4,10,0,0,0,0
682,54,0,83102,2,1,1,54132,0,4,8,3,3,0,0,0,0
670,33,9,84521,2,0,1,198017,0,4,3,3,10,0,0,0,0
691,33,1,128306,1,1,1,113580,0,4,3,4,6,0,0,0,0
778,34,5,139064,2,0,0,67949,0,6,3,5,4,0,0,0,0
719,22,7,114415,1,1,1,177497,0,5,1,4,9,0,0,0,0
641,42,7,125437,2,0,0,164128,0,3,6,4,9,0,1,1,1
619,56,7,0,2,1,1,42442,0,3,8,2,3,0,0,0,0
563,32,0,148326,1,1,0,191604,0,2,2,5,10,1,0,0,0
582,40,9,0,3,1,1,60954,0,2,5,1,4,0,0,1,1
773,43,8,81844,2,1,1,35908,0,6,6,3,2,0,0,0,0
620,38,0,0,2,1,1,38015,0,3,5,1,2,0,0,0,0
680,42,0,0,1,1,0,136377,0,4,6,1,7,0,1,1,1
652,37,7,0,2,1,0,68789,0,3,4,1,4,0,0,0,0
670,40,2,147171,1,0,1,69850,0,4,5,5,4,0,0,0,0
530,52,1,106723,1,0,0,109960,0,1,8,3,6,1,1,1,1
522,25,5,94049,2,1,0,103269,0,1,1,3,6,0,0,0,0
715,31,3,110581,1,1,1,94715,0,5,2,4,5,0,0,0,0
686,29,3,185379,1,1,0,64679,0,4,2,5,4,0,0,0,1
831,32,2,146033,1,1,0,191260,0,6,2,5,10,0,0,0,0
850,30,2,0,2,0,1,27937,0,6,2,1,2,0,0,0,0
627,35,7,0,2,0,1,193022,0,3,3,1,10,0,0,0,0
516,33,3,0,2,1,1,58685,0,1,3,1,3,0,0,0,0
682,36,5,72373,2,1,0,36895,0,4,4,2,2,0,0,0,0
698,40,7,105061,3,1,0,107815,0,5,5,3,6,1,1,1,1
594,23,4,104753,2,1,0,56756,0,2,1,3,3,1,0,0,0
809,24,4,0,2,1,0,193518,0,6,1,1,10,0,0,0,0
696,47,1,106758,1,1,1,80591,0,5,7,3,5,0,1,1,1
662,30,9,0,2,0,1,157884,0,4,2,1,8,0,0,0,0
657,32,3,118829,2,1,1,73127,0,4,2,4,4,0,0,0,0
625,39,3,130786,1,0,1,121316,0,3,5,4,7,0,0,0,0
651,34,10,148962,1,1,0,66389,0,3,3,5,4,1,0,0,0
596,29,6,0,2,1,0,116696,0,2,2,1,6,0,0,0,0
689,67,9,157094,1,1,1,99490,0,4,8,5,5,0,0,0,0
482,35,5,147813,2,0,0,109029,0,1,3,5,6,0,0,0,0
567,23,9,93522,1,0,1,81425,0,2,1,3,5,0,0,0,0
617,46,3,106521,1,0,1,86587,0,3,7,3,5,0,1,1,1
623,33,8,96759,1,1,1,174777,0,3,3,3,9,0,0,0,0
755,38,1,82083,1,0,1,10333,0,6,5,3,1,0,0,0,0
696,35,4,174902,1,1,0,69079,0,5,3,5,4,0,0,1,0
579,33,1,0,2,1,1,54816,0,2,3,2,3,0,0,0,0
691,38,9,163965,2,0,1,103511,0,4,5,5,6,0,0,0,0
614,44,6,0,2,0,1,104930,0,3,6,2,6,0,0,0,0
593,39,8,151391,1,1,0,27274,0,2,5,5,2,1,1,1,0
670,25,6,0,2,1,1,78358,0,4,1,1,4,0,0,0,0
691,37,9,149405,1,1,1,146411,0,4,4,5,8,0,0,0,0
794,37,9,0,2,1,0,68008,0,6,4,2,4,0,0,0,0
714,33,8,122017,1,0,0,162515,0,5,3,4,9,0,0,0,0
797,31,9,0,2,1,1,24748,0,6,2,2,2,0,0,0,0
773,47,2,118079,4,1,1,143007,0,6,7,4,8,1,1,1,1
654,32,1,114510,1,1,1,126143,0,4,2,4,7,0,0,0,0
751,50,2,96888,1,1,0,77206,0,6,7,3,4,1,1,1,1
563,34,6,139810,1,1,1,152417,0,2,3,5,8,0,0,0,0
850,45,4,114347,2,1,1,109089,0,6,7,4,6,0,0,0,0
619,42,2,0,1,1,1,101348,0,3,6,1,6,1,1,0,0
706,56,3,139603,1,1,1,86383,0,5,8,5,5,0,0,0,0
736,57,9,95295,1,1,0,28434,0,5,8,3,2,1,1,1,1
590,34,6,0,2,1,0,171021,0,2,3,1,9,0,0,0,0
727,34,10,0,2,1,1,198637,0,5,3,1,10,0,0,0,0
707,73,6,66573,1,1,1,62768,0,5,8,2,4,0,0,0,0
695,37,2,0,2,1,1,99692,0,4,4,2,5,0,0,0,0
750,38,5,151532,1,1,1,46555,0,6,5,5,3,0,0,0,0
590,45,2,81828,1,1,0,52167,0,2,7,3,3,0,1,1,1
752,41,8,0,2,1,0,139844,0,6,6,2,8,1,0,0,0
784,35,3,0,2,0,0,81483,0,6,3,1,5,0,0,0,0
750,37,1,133199,2,1,1,27366,0,6,4,4,2,0,0,0,0
660,28,1,118402,2,1,0,14288,0,4,1,4,1,0,0,0,0
584,48,2,213146,1,1,0,75161,0,2,7,5,4,1,1,1,1
756,41,6,149049,1,0,1,50422,0,6,6,5,3,1,0,0,0
689,40,4,78119,4,1,0,119259,0,4,5,3,6,1,1,1,1
516,27,1,0,1,0,1,112311,0,1,1,2,6,0,0,0,0
575,28,7,0,1,1,1,10666,0,2,1,1,1,0,0,0,0
598,59,8,118210,2,0,0,60192,0,2,8,4,3,1,1,1,1
505,43,6,127146,1,0,0,137565,0,1,6,4,7,0,1,1,1
557,27,2,0,2,0,1,4497,0,2,1,2,1,0,0,0,0
646,39,6,121681,2,0,1,61793,0,3,5,4,4,0,0,0,0
627,52,1,76101,2,0,1,177238,0,3,8,3,9,0,0,0,0
711,25,7,0,3,1,1,9679,0,5,1,1,1,0,0,0,0
503,42,9,153279,1,1,1,151336,0,1,6,5,8,0,0,0,0
657,22,6,0,3,0,1,168412,0,4,1,2,9,1,0,1,0
680,34,1,0,2,1,0,167035,0,4,3,1,9,0,0,0,0
749,47,9,110022,1,0,1,135655,0,6,7,3,7,1,1,0,1
653,51,3,0,1,1,0,170426,0,4,7,1,9,1,1,1,1
693,43,6,128760,1,1,0,36342,0,4,6,4,2,0,1,1,1
554,36,3,157780,2,1,0,6089,0,2,4,5,1,0,0,0,0
626,48,2,0,2,1,1,95794,0,3,7,1,5,0,0,0,0
462,34,1,94682,2,1,0,138478,0,1,3,3,7,0,0,0,0
655,35,1,106405,1,1,1,82900,0,4,3,3,5,0,0,0,0
589,55,7,119961,1,1,0,65156,0,2,8,4,4,1,1,1,1
801,42,6,0,2,1,1,95804,0,6,6,1,5,0,0,0,0
645,41,2,138881,1,1,0,129936,0,3,6,5,7,1,1,1,1
573,46,3,65269,1,0,1,189988,0,2,7,2,10,1,1,1,1
584,41,3,0,2,1,1,160095,0,2,6,2,9,0,0,0,0
844,18,2,160980,1,0,0,145936,0,6,1,5,8,0,0,0,0
493,33,8,90791,1,1,1,59659,0,1,3,3,3,0,0,0,0
658,32,8,0,1,1,1,80410,0,4,2,1,5,0,0,0,0
601,42,4,96763,1,1,1,199242,0,2,6,3,10,0,0,0,0
849,41,9,115465,1,1,0,103174,0,6,6,4,6,0,1,0,0
559,34,5,68999,2,1,1,66879,0,2,3,2,4,0,0,0,0
566,42,6,0,1,1,0,180702,0,2,6,1,10,1,1,1,1
850,35,6,81684,1,1,0,824,0,6,3,3,1,0,0,0,0
762,46,6,123571,3,0,1,57014,0,6,7,4,3,1,1,1,1
744,47,9,0,2,1,0,113163,0,5,7,1,6,0,1,0,0
640,34,1,137523,1,0,0,24761,0,3,3,5,2,0,0,0,0
538,39,2,122773,2,1,1,58467,0,1,5,4,3,0,0,0,0
595,33,9,0,2,1,1,41447,0,2,3,2,3,0,0,0,0
596,54,1,123544,1,1,1,120314,0,2,8,4,7,1,1,1,1
651,38,2,0,3,1,0,67029,0,3,5,2,4,1,0,1,1
490,33,5,96341,2,0,0,108313,0,1,3,3,6,0,0,0,0
719,32,7,0,1,0,0,76264,0,5,2,2,4,0,0,0,0
777,37,10,121532,2,1,1,73464,0,6,4,4,4,0,0,0,0
589,34,6,0,2,1,1,177896,0,2,3,1,9,0,0,0,0
590,37,1,0,2,0,0,133535,0,2,4,2,7,0,0,0,0
702,29,10,88378,1,1,0,88550,0,5,2,3,5,0,0,0,0
551,54,5,102994,1,1,0,176680,0,1,8,3,9,1,1,1,1
676,35,0,0,2,0,0,139911,0,4,3,2,8,0,0,0,0
728,30,10,114835,1,0,1,37662,0,5,2,4,2,0,0,0,0
593,41,6,0,2,1,1,99136,0,2,6,1,5,0,0,0,0
513,42,10,0,2,0,1,73151,0,1,6,1,4,0,0,0,0
661,41,5,0,1,0,1,88279,0,4,6,2,5,0,0,0,0
674,41,4,126605,1,1,1,166694,0,4,6,4,9,0,0,0,0
593,35,4,161637,1,1,1,20008,0,2,3,5,1,0,0,0,0
678,49,8,0,2,0,1,98090,0,4,7,1,5,0,0,0,0
452,60,6,121730,1,1,1,142963,0,1,8,4,8,0,0,0,0
674,22,3,0,1,1,1,173940,0,4,1,2,9,0,0,0,0
689,30,5,136650,1,1,1,41865,0,4,2,5,3,1,0,0,0
778,41,7,139706,1,1,0,63337,0,6,6,5,4,0,1,0,0
542,32,7,107871,1,1,0,125302,0,1,2,3,7,0,0,0,0
590,36,6,92340,2,1,1,174667,0,2,4,3,9,0,0,0,0
571,35,8,0,2,0,0,84569,0,2,3,1,5,0,0,0,0
705,39,5,149379,2,1,0,96075,0,5,5,5,5,0,0,0,0
622,47,6,142319,1,0,0,100183,0,3,7,5,5,0,1,1,1
694,35,7,0,1,1,0,133570,0,4,3,2,7,1,0,1,1
579,35,1,129490,2,0,1,8590,0,2,3,4,1,1,0,0,0
700,44,9,0,2,1,0,142287,0,5,6,2,8,0,1,0,0
516,51,8,120124,2,0,1,168773,0,1,7,4,9,0,0,0,0
788,42,6,138650,2,1,0,64746,0,6,6,5,4,0,1,0,0
850,34,4,71379,2,1,1,154000,0,6,3,2,8,0,0,0,0
562,30,3,111099,2,0,0,140650,0,2,2,4,8,0,0,0,0
734,43,7,107805,1,0,0,182505,0,5,6,3,10,0,1,1,1
607,40,1,112544,1,1,1,19842,0,2,5,4,1,0,0,0,0
670,40,3,47364,1,1,1,148579,0,4,5,2,8,1,0,0,0
438,60,7,78391,1,0,1,49424,0,1,8,3,3,0,0,0,0
838,67,4,103267,1,1,1,78310,0,6,8,3,4,0,0,0,0
709,32,2,0,2,0,0,109681,0,5,2,2,6,0,0,0,0
652,34,6,97435,2,1,1,104331,0,3,3,3,6,0,0,0,0
527,58,3,137318,1,1,1,126144,0,1,8,5,7,0,0,0,0
577,41,6,0,1,1,1,167621,0,2,6,2,9,0,0,0,0
636,44,2,0,2,0,0,86414,0,3,6,2,5,0,1,0,0
492,38,8,57068,2,1,0,188974,0,1,5,2,10,0,0,0,0
635,48,2,0,2,1,1,136551,0,3,7,2,7,0,0,0,0
692,66,4,159732,1,1,1,118188,0,4,8,5,6,0,0,0,0
569,31,1,115406,1,0,0,145528,0,2,2,4,8,0,0,0,0
752,32,9,115587,2,0,1,101677,0,6,2,4,6,0,0,0,0
621,53,9,170491,1,1,0,35588,0,3,8,5,2,1,1,1,1
817,34,5,129278,1,0,0,165562,0,6,3,4,9,0,0,0,0
751,51,7,148074,1,1,0,146411,0,6,7,5,8,1,1,1,1
666,43,7,137780,2,1,1,119100,0,4,6,5,6,1,0,0,0
710,31,5,0,2,1,0,9561,0,5,2,1,1,0,0,0,0
850,44,7,89118,1,1,0,104240,0,6,6,3,6,1,1,0,0
601,37,5,0,1,0,0,20708,0,2,4,2,2,0,1,1,1
643,34,3,83132,1,1,1,21360,0,3,3,3,2,0,0,0,0
579,49,4,169377,1,1,1,123535,0,2,7,5,7,0,1,1,0
786,33,0,122325,1,0,0,34712,0,6,3,4,2,1,0,0,0
850,33,7,118004,1,1,0,183983,0,6,3,4,10,0,0,0,0
667,33,4,0,2,1,1,131834,0,4,3,1,7,0,0,0,0
692,30,7,0,2,1,1,18826,0,4,2,2,1,0,0,0,0
587,42,1,0,1,0,0,123006,0,2,6,2,7,0,1,1,1
625,26,3,130483,1,1,0,122810,0,3,1,4,7,0,0,0,0
646,24,0,92398,1,1,1,18897,0,3,1,3,1,0,0,0,0
607,40,5,90594,1,0,1,181598,0,2,5,3,10,0,0,0,1
703,45,1,0,1,1,0,182784,0,5,7,1,10,1,1,1,1
586,43,8,132558,1,1,0,67046,0,2,6,4,4,1,1,1,1
635,28,3,81623,2,1,1,156791,0,3,1,3,8,0,0,0,0
469,37,9,96776,1,1,1,119890,0,1,4,3,7,0,0,0,0
667,39,9,0,2,1,0,68873,0,4,5,1,4,0,0,0,0
627,55,2,159441,1,1,0,100686,0,3,8,5,6,1,1,1,1
796,39,5,86350,2,0,0,105080,0,6,5,3,6,0,0,0,0
789,37,3,0,1,1,0,121883,0,6,4,1,7,1,0,0,0
607,49,9,119960,2,1,0,103068,0,2,7,4,6,0,1,1,1
811,28,4,167738,2,1,1,9903,0,6,1,5,1,0,0,0,0
530,42,0,99948,1,0,1,97338,0,1,6,3,5,0,1,1,0
649,35,4,108306,1,1,1,192486,0,3,3,3,10,0,0,0,0
708,46,7,68799,1,1,1,39704,0,5,7,2,2,0,1,1,0
634,59,3,95727,1,0,0,97939,0,3,8,3,5,1,1,1,1
525,47,6,118560,1,1,0,82522,0,1,7,4,5,1,1,1,1
561,33,6,0,2,1,0,45261,0,2,3,1,3,0,0,0,0
517,29,5,0,2,1,0,103402,0,1,2,1,6,0,0,0,0
655,41,8,125561,1,0,0,164040,0,4,6,4,9,1,1,1,1
665,36,1,0,2,0,1,121505,0,4,4,2,7,0,0,0,0
625,37,7,115895,1,1,0,48486,0,3,4,4,3,0,1,1,0
608,38,8,103653,2,1,1,137079,0,2,5,3,7,0,0,0,0
700,37,3,77608,2,1,1,175373,0,5,4,3,9,0,0,0,0
625,39,10,129845,1,1,1,96444,0,3,5,4,5,0,0,0,0
539,38,6,0,1,1,1,152880,0,1,5,1,8,1,0,0,0
485,51,7,144244,2,1,0,51113,0,1,7,5,3,0,1,1,1
745,47,5,0,2,0,0,145789,0,5,7,1,8,0,1,0,1
583,22,2,0,2,0,1,5985,0,2,1,2,1,0,0,0,0
762,35,1,117458,1,0,1,178361,0,6,3,4,9,1,0,0,0
732,45,6,98792,1,1,0,81491,0,5,7,3,5,1,1,1,1
748,32,5,154737,2,1,1,172638,0,5,2,5,9,0,0,0,0
727,46,3,115248,4,1,0,130752,0,5,7,4,7,1,1,1,1
608,56,10,129255,2,1,0,142492,0,2,8,4,8,1,1,1,1
588,22,9,67178,1,1,1,163534,0,2,1,2,9,1,0,0,0
744,39,4,95161,1,1,0,19409,0,5,5,3,1,0,1,1,0
622,58,7,116922,1,1,0,120415,0,3,8,4,7,1,1,1,1
597,39,8,162532,3,1,0,36051,0,2,5,5,2,1,1,1,1
677,25,8,130866,1,1,0,42410,0,4,1,4,3,0,0,0,0
640,34,3,77826,1,1,1,168544,0,3,3,3,9,0,0,0,0
500,50,5,0,4,1,1,83866,0,1,7,2,5,1,1,1,1
768,29,2,95984,2,1,1,73686,0,6,2,3,4,0,0,0,0
597,40,8,101993,1,0,1,94774,0,2,5,3,5,0,0,0,0
618,24,7,128736,1,0,1,37147,0,3,1,4,2,0,0,0,0
666,47,2,0,1,1,0,35046,0,4,7,1,2,1,1,1,1
498,31,10,0,2,1,0,13892,0,1,2,1,1,0,0,0,0
634,24,8,103097,1,1,1,157577,0,3,1,3,8,0,0,0,0
550,34,3,0,2,0,0,131281,0,1,3,1,7,0,0,0,0
736,29,9,0,2,0,0,176152,0,5,2,2,9,0,0,0,0
481,39,1,111233,1,1,1,123995,0,1,5,4,7,0,0,0,0
605,28,6,0,2,0,0,159508,0,2,1,1,8,0,0,0,0
613,43,10,120481,1,0,0,94875,0,3,6,4,5,1,1,1,0
720,43,6,137824,2,1,0,172557,0,5,6,5,9,0,1,1,0
669,35,7,0,1,1,1,49108,0,4,3,1,3,1,0,0,0
850,37,2,0,2,1,0,119969,0,6,4,2,7,0,0,0,0
592,37,7,0,2,1,1,126726,0,2,4,1,7,0,0,0,0
623,50,7,126608,1,0,1,645,0,3,7,4,1,1,1,1,1
850,53,7,65407,2,0,0,182633,0,6,8,2,10,1,1,1,1
682,46,7,128029,1,1,1,62615,0,4,7,4,4,0,1,1,1
686,37,9,134560,1,1,0,27596,0,4,4,5,2,0,1,1,0
722,37,9,0,2,1,0,31921,0,5,4,2,2,0,0,0,0
709,30,5,0,2,0,1,161388,0,5,2,1,9,0,0,0,0
447,43,2,0,2,1,0,33879,0,1,6,1,2,1,1,0,0
718,31,1,152663,1,0,1,17128,0,5,2,5,1,0,0,0,0
728,33,9,150412,2,1,0,170764,0,5,3,5,9,0,0,0,0
557,38,2,129893,1,0,0,102076,0,2,5,4,6,0,1,1,1
630,28,8,106425,1,1,1,20344,0,3,1,3,2,0,0,0,0
579,38,4,175739,1,1,1,193130,0,2,5,5,10,0,0,0,0
646,26,4,139848,1,1,0,164696,0,3,1,5,9,0,0,0,0
589,46,9,0,2,1,0,170676,0,2,7,1,9,0,1,0,0
679,33,4,96110,1,1,0,1173,0,4,3,3,1,0,0,0,0
745,33,1,0,2,1,1,174431,0,5,3,2,9,0,0,0,0
702,26,4,135219,1,0,1,59747,0,5,1,5,3,0,0,0,0
663,43,4,87624,2,1,0,149401,0,4,6,3,8,0,1,1,0
678,41,2,148088,1,1,0,14083,0,4,6,5,1,0,1,1,1
702,40,3,148556,1,0,1,146056,0,5,5,5,8,0,0,0,0
633,60,8,69365,1,1,1,10288,0,3,8,2,1,0,0,0,0
549,25,5,0,2,0,0,190857,0,1,1,1,10,0,0,0,0
449,21,7,0,2,0,0,175743,0,1,1,2,9,0,0,0,0
739,60,4,0,1,1,1,51637,0,5,8,1,3,0,0,0,1
447,41,3,0,4,1,1,197490,0,1,6,2,10,1,1,1,1
521,38,6,0,2,1,0,51454,0,1,5,2,3,0,0,0,0
820,29,3,82344,1,0,1,115985,0,6,2,3,6,0,0,0,0
734,47,10,91522,2,1,1,138835,0,5,7,3,7,0,0,0,0
507,46,6,92783,1,1,1,51424,0,1,7,3,3,0,1,1,0
750,42,8,151836,2,1,0,68695,0,6,6,5,4,0,1,0,0
663,42,7,115930,1,1,0,19862,0,4,6,4,1,0,1,1,1
588,36,2,0,2,1,0,92536,0,2,4,2,5,1,0,0,0
506,34,4,90307,1,1,1,159235,0,1,3,3,8,0,0,0,0
727,59,5,152581,1,1,0,71830,0,5,8,5,4,1,1,1,1
850,39,6,0,2,1,0,103921,0,6,5,2,6,0,0,0,0
689,22,4,136444,1,1,0,51980,0,4,1,5,3,1,0,0,0
523,41,0,119276,1,0,0,122284,0,1,6,4,7,1,1,1,1
636,34,2,40105,2,0,1,53512,0,3,3,2,3,0,0,0,0
585,54,8,87105,1,1,1,55346,0,2,8,3,3,0,0,0,0
703,44,6,98862,1,1,0,151516,0,5,6,3,8,0,1,1,1
818,43,10,105301,1,1,1,78941,0,6,6,3,4,0,0,0,0
613,50,5,101242,2,1,0,12493,0,3,7,3,1,0,1,1,1
824,45,3,129209,1,0,0,60151,0,6,7,4,3,0,1,1,1
687,35,1,110752,2,1,1,47921,0,4,3,4,3,0,0,0,0
645,43,9,140121,1,1,0,11302,0,3,6,5,1,1,1,1,1
629,29,6,0,2,1,1,88842,0,3,2,2,5,0,0,0,0
742,44,8,107926,1,0,1,17375,0,5,6,3,1,1,1,1,0
579,28,4,0,2,1,1,176925,0,2,1,1,9,0,0,0,0
718,39,7,93148,2,1,1,190746,0,5,5,3,10,0,0,0,0
626,33,8,0,2,1,0,138504,0,3,3,1,7,0,0,0,0
636,42,2,0,2,1,1,55470,0,3,6,1,3,0,0,0,0
710,36,4,116085,1,1,0,58601,0,5,4,4,3,0,1,1,1
816,40,9,109003,1,1,1,79580,0,6,5,3,4,0,0,0,0
729,37,10,0,2,1,0,100862,0,5,4,1,6,0,0,0,0
664,44,7,77526,3,0,0,57338,0,4,6,3,3,1,1,1,1
726,36,2,0,1,1,0,195192,0,5,4,2,10,0,1,1,0
844,38,7,111501,1,1,1,119333,0,6,5,4,6,0,0,0,0
455,27,5,155879,2,0,0,70774,0,1,1,5,4,0,0,0,0
696,52,6,139781,1,1,0,27445,0,5,8,5,2,1,1,1,1
549,25,6,193858,1,0,1,21600,0,1,1,5,2,0,0,0,0
564,31,0,110527,1,1,1,87060,0,2,2,4,5,0,0,0,0
787,35,1,106266,1,1,1,16607,0,6,3,3,1,0,0,0,0
625,39,5,0,2,1,0,32615,0,3,5,1,2,0,0,0,0
656,75,3,0,2,1,1,1276,0,4,8,1,1,0,0,0,0
544,37,2,79731,1,1,1,57558,0,1,4,3,3,0,0,0,0
521,43,8,0,1,1,1,93180,0,1,6,2,5,0,0,0,0
618,29,10,100315,2,1,1,32526,0,3,2,3,2,0,0,0,0
593,32,10,158537,1,1,0,166850,0,2,2,5,9,0,0,0,0
591,38,2,142289,1,0,1,119638,0,2,5,5,6,0,0,0,0
711,39,3,152462,1,1,0,90305,0,5,5,5,5,0,1,1,0
460,35,8,102742,2,1,1,189339,0,1,3,3,10,0,0,0,0
554,46,7,87603,3,0,1,96929,0,2,7,3,5,1,1,1,1
468,22,1,76318,1,1,1,194783,0,1,1,3,10,0,0,0,0
675,32,10,0,2,1,0,191545,0,4,2,1,10,0,0,0,0
700,82,2,0,2,0,1,182055,0,5,8,1,10,0,0,0,0
660,30,1,84440,2,1,1,60485,0,4,2,3,3,0,0,0,0
620,41,9,0,2,0,0,88852,0,3,6,1,5,0,0,0,0
571,38,6,107193,2,0,0,38962,0,2,5,3,2,0,0,0,0
677,29,3,86616,1,0,0,91903,0,4,2,3,5,1,0,0,0
694,33,4,124067,1,1,1,77906,0,4,3,4,4,0,0,0,0
543,41,5,0,2,0,1,143980,0,1,6,2,8,0,0,0,0
806,48,4,164701,1,1,1,21439,0,6,7,5,2,0,1,0,0
850,33,7,134678,1,1,0,113177,0,6,3,5,6,0,0,0,0
657,34,3,107136,1,1,0,153895,0,4,3,3,8,0,0,0,0
673,32,8,121240,1,1,0,116969,0,4,2,4,6,0,0,0,0
731,43,2,0,1,1,1,170034,0,5,6,1,9,1,0,0,0
647,47,10,99835,1,0,1,89103,0,3,7,3,5,0,1,0,0
587,35,3,83286,1,1,0,125553,0,2,3,3,7,0,0,1,0
516,46,1,104947,1,1,0,115789,0,1,7,3,6,1,1,1,1
718,28,4,65643,1,1,0,28760,0,5,1,2,2,0,0,0,0
723,49,0,153855,1,1,1,180862,0,5,7,5,10,1,1,1,0
682,58,1,0,1,1,1,706,0,4,8,1,1,0,0,0,0
687,34,7,129895,1,0,1,28698,0,4,3,4,2,0,0,0,0
710,28,6,0,1,1,0,48426,0,5,1,1,3,0,0,0,0
504,34,0,54980,1,1,1,136909,0,1,3,2,7,0,0,0,0
742,33,6,0,2,0,0,38550,0,5,3,2,2,0,0,0,0
667,31,1,119266,1,1,1,28257,0,4,2,4,2,0,0,0,0
612,62,0,167026,2,1,1,192892,0,3,8,5,10,0,0,0,0
536,35,4,121520,1,0,0,77178,0,1,3,4,4,0,1,1,1
453,28,3,139986,1,1,0,136846,0,1,1,5,7,0,0,0,0
579,38,8,0,2,0,0,91763,0,2,5,2,5,0,0,0,0
670,57,3,175575,2,1,0,99061,0,4,8,5,5,1,1,1,1
740,39,9,0,2,1,0,19047,0,5,5,2,1,0,0,0,0
636,36,1,0,1,1,0,43134,0,3,4,1,3,0,1,1,1
432,27,6,62339,2,0,0,53874,0,1,1,2,3,0,0,0,0
619,57,3,137946,1,1,1,72467,0,3,8,5,4,1,0,0,0
741,25,4,0,2,1,1,73873,0,5,1,1,4,0,0,0,0
671,31,6,105864,2,1,0,145567,0,4,2,3,8,0,0,0,0
715,37,9,165252,1,1,0,85286,0,5,4,5,5,0,1,0,0
594,28,0,142574,2,1,0,129084,0,2,1,5,7,0,0,0,0
608,59,1,0,1,1,0,70649,0,2,8,1,4,1,1,1,1
567,42,2,0,2,1,1,167984,0,2,6,1,9,0,0,0,0
532,38,9,0,2,0,0,30583,0,1,5,1,2,0,0,0,0
675,54,2,0,1,1,0,149583,0,4,8,1,8,1,1,1,1
712,74,5,0,2,0,0,151425,0,5,8,1,8,0,1,1,0
639,50,6,115335,2,1,1,53130,0,3,7,4,3,0,0,0,0
686,33,9,141918,2,0,1,184036,0,4,3,5,10,0,0,0,0
454,48,5,144837,1,1,1,93151,0,1,7,5,5,0,1,0,0
614,36,1,118311,1,1,0,146134,0,3,4,4,8,0,1,1,0
359,44,6,128747,1,1,0,146955,0,1,6,4,8,1,1,1,1
593,33,0,95927,1,1,0,199478,0,2,3,3,10,0,0,0,0
850,45,1,121874,1,0,0,6865,0,6,7,4,1,1,1,1,1
658,31,7,123974,1,1,0,102153,0,4,2,4,6,0,0,0,0
559,28,3,141099,1,1,1,15607,0,2,1,5,1,0,0,0,0
512,24,6,0,2,1,0,37654,0,1,1,1,2,0,0,0,0
527,37,5,93722,2,1,1,139093,0,1,4,3,7,0,0,0,0
806,36,8,167983,2,1,1,106714,0,6,4,5,6,0,0,0,0
662,54,1,187997,1,0,0,111442,0,4,8,5,6,1,1,1,1
718,32,8,0,2,1,1,41399,0,5,2,2,3,0,0,0,0
723,49,4,0,2,0,1,89972,0,5,7,1,5,0,0,0,0
474,45,10,0,2,0,0,172175,0,1,7,1,9,0,1,1,0
591,29,1,97541,1,1,1,196356,0,2,2,3,10,0,0,0,0
462,24,9,69881,2,0,1,64421,0,1,1,2,4,0,0,0,0
576,36,6,0,2,1,1,48314,0,2,4,1,3,0,0,0,0
585,35,2,0,2,1,0,98621,0,2,3,2,5,1,0,0,0
850,30,3,0,2,1,0,116692,0,6,2,2,6,0,0,0,0
528,32,2,99092,1,0,1,111149,0,1,2,3,6,0,0,0,0
541,32,4,0,1,1,1,114951,0,1,2,1,6,0,0,0,0
739,41,8,0,1,1,0,191694,0,5,6,2,10,1,1,1,1
681,43,3,66338,1,1,1,18772,0,4,6,2,1,1,1,0,0
738,33,3,122134,2,0,1,27867,0,5,3,4,2,0,0,0,0
486,27,7,0,2,1,0,28823,0,1,1,2,2,0,0,0,0
641,40,2,110086,1,1,0,159773,0,3,5,3,8,0,1,1,1
733,48,5,0,1,0,1,117830,0,5,7,1,6,0,1,1,1
565,52,5,97720,2,1,0,175070,0,2,8,3,9,1,1,1,1
757,57,3,89079,1,1,1,53179,0,6,8,3,3,1,0,0,0
645,38,7,59568,1,1,1,167723,0,3,5,2,9,0,0,0,0
812,39,5,115730,3,1,1,185599,0,6,5,4,10,1,1,1,1
679,36,1,97234,1,1,0,188997,0,4,4,3,10,0,1,1,0
618,54,4,118449,1,1,1,133573,0,3,8,4,7,1,1,1,1
657,37,4,82500,1,1,1,115260,0,4,4,3,6,0,0,0,0
536,28,4,0,1,1,1,136197,0,1,1,1,7,0,0,0,0
597,42,4,64740,1,1,1,106841,0,2,6,2,6,0,1,0,0
766,30,4,127786,2,1,1,28879,0,6,2,4,2,0,0,0,0
663,46,3,0,2,0,1,176276,0,4,7,1,9,0,0,0,0
671,29,6,0,2,0,0,12048,0,4,2,1,1,0,0,0,0
730,26,3,0,1,1,0,34542,0,5,1,1,2,0,0,0,0
697,35,5,133087,1,1,0,64771,0,5,3,4,4,0,0,1,1
765,34,9,91835,1,0,0,138280,0,6,3,3,7,0,0,0,0
585,33,8,0,2,1,0,114182,0,2,3,1,6,0,0,0,0
850,50,10,0,2,1,1,33741,0,6,7,1,2,0,0,0,0
648,40,5,139973,1,1,1,667,0,3,5,5,1,1,0,0,0
692,28,8,95059,2,1,0,44420,0,4,1,3,3,0,0,0,0
810,69,3,27288,1,1,1,110509,0,6,8,2,6,0,0,0,0
668,34,5,80242,2,0,0,56780,0,4,3,3,3,0,0,0,0
563,44,7,105007,2,1,1,197812,0,2,6,3,10,0,0,0,0
721,55,3,44020,1,1,0,65864,0,5,8,2,4,1,1,1,1
664,44,8,142989,1,1,1,115452,0,4,6,5,6,1,1,0,0
705,44,3,105934,1,1,0,82463,0,5,6,3,5,0,1,1,1
847,41,3,101543,4,1,0,16025,0,6,6,3,1,1,1,1,1
770,70,9,110738,1,1,0,22666,0,6,8,4,2,1,1,1,1
741,42,6,106036,1,1,0,194686,0,5,6,3,10,1,1,1,0
675,32,2,155663,1,1,0,97658,0,4,2,5,5,0,0,0,0
680,49,10,0,2,1,0,187008,0,4,7,2,10,0,1,0,0
492,49,2,151249,2,1,1,167237,0,1,7,5,9,0,0,0,0
697,25,4,165686,2,1,0,15467,0,5,1,5,1,0,0,0,0
473,33,5,125827,1,0,1,145698,0,1,3,4,8,0,0,0,0
780,71,9,142550,2,1,1,122506,0,6,8,5,7,0,0,0,0
637,39,3,109698,1,1,1,88391,0,3,5,3,5,1,0,0,0
841,28,4,0,2,1,1,179436,0,6,1,2,9,0,0,0,0
580,61,8,125921,1,1,1,94677,0,2,8,4,5,0,0,0,0
629,39,2,129669,2,1,0,82774,0,3,5,4,5,0,0,0,0
796,50,1,94164,1,1,1,189414,0,6,7,3,10,0,1,1,0
679,60,8,0,2,1,1,51380,0,4,8,1,3,0,0,0,0
684,39,4,207034,2,0,0,157694,0,4,5,5,8,1,0,0,1
850,39,2,148586,1,1,1,176791,0,6,5,5,9,0,0,0,0
850,43,0,108508,3,1,0,184044,0,6,6,3,10,1,1,1,1
601,50,2,115625,1,1,0,185855,0,2,7,4,10,0,1,1,1
850,44,2,112755,2,0,0,158171,0,6,6,4,8,0,1,0,0
576,29,5,108541,1,1,1,126469,0,2,2,3,7,0,0,0,0
628,43,3,184926,1,1,0,122937,0,3,6,5,7,0,1,1,1
676,27,4,0,1,0,1,107955,0,4,1,2,6,0,0,0,0
741,37,8,170840,2,0,0,109843,0,5,4,5,6,0,0,1,1
750,52,6,107467,1,1,0,126233,0,6,8,3,7,1,1,1,1
694,29,5,99713,1,0,0,112317,0,4,2,3,6,0,0,0,0
568,36,10,153610,1,1,1,54083,0,2,4,5,3,1,0,0,0
552,39,2,132906,1,0,1,149384,0,1,5,4,8,0,0,0,0
582,41,1,40488,1,1,0,128528,0,2,6,2,7,0,1,1,1
775,28,9,111167,1,1,0,149331,0,6,1,4,8,0,0,0,0
604,41,3,0,1,0,0,11819,0,2,6,1,1,0,1,1,1
560,43,4,95140,2,1,0,123181,0,2,6,3,7,1,1,1,1
603,31,1,129743,1,1,0,109145,0,2,2,4,6,0,0,0,1
578,23,10,88980,1,1,1,125222,0,2,1,3,7,0,0,0,0
682,35,2,117438,2,1,1,16910,0,4,3,4,1,0,0,0,0
760,37,7,0,1,0,0,32863,0,6,4,2,2,1,0,0,0
649,40,4,95001,1,0,1,123202,0,3,5,3,7,0,0,0,0
754,19,9,0,1,1,0,189641,0,6,1,1,10,0,0,0,0
634,63,10,0,2,1,0,30772,0,3,8,2,2,1,1,1,0
616,66,1,135842,1,1,0,183840,0,3,8,5,10,1,1,1,1
645,49,2,0,2,0,0,10023,0,3,7,1,1,0,1,1,1
517,45,4,0,1,0,0,172674,0,1,7,2,9,1,1,1,1
798,37,4,111723,1,1,1,83478,0,6,4,4,5,0,0,0,0
703,40,7,0,2,0,1,122518,0,5,5,2,7,0,0,0,0
751,29,1,135536,1,1,0,66825,0,6,2,5,4,0,0,0,0
561,33,6,0,2,0,0,173680,0,2,3,2,9,0,0,0,0
850,40,6,97339,1,0,1,88815,0,6,5,3,5,0,0,0,0
832,29,8,93833,1,0,1,10417,0,6,2,3,1,0,0,0,0
708,41,0,0,1,1,0,128400,0,5,6,2,7,0,1,1,0
526,36,1,0,1,1,0,160696,0,1,4,1,9,0,1,1,1
705,25,0,97544,1,0,1,59887,0,5,1,3,3,0,0,0,0
565,32,4,90322,2,0,1,118740,0,2,2,3,6,0,0,0,0
745,38,7,0,2,1,1,194230,0,5,5,2,10,0,0,0,0
509,41,7,126683,1,0,1,114775,0,1,6,4,6,0,0,0,0
577,43,6,0,2,1,1,149457,0,2,6,1,8,0,0,0,0
489,38,5,117289,1,0,0,85231,0,1,5,4,5,0,1,1,1
422,54,4,0,2,1,1,7166,0,1,8,2,1,0,0,0,0
664,34,7,93920,1,0,0,179913,0,4,3,3,10,0,0,0,0
637,22,5,98800,1,1,0,122865,0,3,1,3,7,0,0,0,0
510,44,4,123070,1,1,0,28461,0,1,6,4,2,1,1,1,1
584,35,3,146311,1,1,1,105443,0,2,3,5,6,0,0,0,0
582,39,1,132077,2,1,0,192255,0,2,5,4,10,0,0,0,0
736,24,0,0,2,1,0,109355,0,5,1,1,6,1,0,0,0
808,32,1,0,2,1,1,46200,0,6,2,2,3,0,0,0,0
568,28,1,127289,1,0,0,45611,0,2,1,4,3,0,0,0,0
619,38,10,119658,1,1,1,8646,0,3,5,4,1,0,0,0,0
674,27,4,79144,1,0,1,50743,0,4,1,3,3,0,0,0,0
770,30,8,0,2,1,0,100557,0,6,2,1,6,0,0,0,0
716,44,3,109528,1,1,0,27341,0,5,6,3,2,1,1,1,1
802,38,7,0,2,0,1,57764,0,6,5,1,3,0,0,0,0
734,33,5,121898,1,1,0,61829,0,5,3,4,4,0,0,1,1
734,40,9,176914,1,1,1,12799,0,5,5,5,1,0,0,0,0
493,38,3,134006,1,1,0,89578,0,1,5,5,5,0,1,1,0
705,31,3,119794,1,0,0,182528,0,5,2,4,10,0,0,1,0
698,38,1,171848,1,0,0,16957,0,5,5,5,1,0,1,1,0
549,41,9,95020,3,1,1,131710,0,1,6,3,7,1,1,1,1
759,40,4,0,2,1,0,124615,0,6,5,1,7,0,0,0,0
758,23,5,122739,1,1,0,102460,0,6,1,4,6,1,0,0,0
578,35,2,0,2,0,1,26389,0,2,3,2,2,0,0,0,0
591,33,4,113743,1,1,0,124625,0,2,3,4,7,0,0,0,1
631,40,3,107949,1,1,0,52449,0,3,5,3,3,1,1,1,1
754,48,7,141819,1,1,0,93550,0,6,7,5,5,1,1,1,1
732,46,0,0,2,1,1,184350,0,5,7,2,10,0,0,0,0
618,40,8,0,2,1,0,80204,0,3,5,2,4,0,0,0,0
579,45,2,0,2,0,0,11514,0,2,7,2,1,0,1,0,0
666,27,1,85225,1,0,1,64511,0,4,1,3,4,0,0,0,0
633,31,1,0,1,1,0,48606,0,3,2,1,3,0,0,1,1
793,63,4,103729,2,1,1,80272,0,6,8,3,5,0,0,0,0
611,28,3,96381,2,1,0,181419,0,3,1,3,10,0,0,0,0
707,40,5,0,2,1,0,41052,0,5,5,1,3,0,0,0,0
523,35,8,138782,1,1,1,186118,0,1,3,5,10,0,0,0,0
738,44,2,0,2,1,0,43018,0,5,6,1,3,1,1,0,0
667,39,2,0,2,1,0,40721,0,4,5,1,2,1,0,0,0
562,35,3,142296,1,0,1,177112,0,2,3,5,9,0,0,0,0
812,29,6,0,2,0,0,168023,0,6,2,2,9,0,0,0,0
715,40,7,0,1,1,1,141359,0,5,5,2,8,0,0,0,0
497,41,9,0,1,0,0,22074,0,1,6,1,2,0,1,1,0
471,26,8,0,2,1,1,179655,0,1,1,1,9,0,0,0,0
637,36,10,145750,2,1,1,96660,0,3,4,5,5,0,0,0,0
589,59,2,0,2,1,1,126160,0,2,8,1,7,1,0,0,0
546,42,9,86351,2,1,0,57380,0,1,6,3,3,0,1,0,0
773,45,8,96877,1,1,1,113950,0,6,7,3,6,0,0,0,0
583,39,8,102945,1,0,0,52861,0,2,5,3,3,0,1,1,1
607,61,2,164523,2,1,1,35786,0,2,8,5,2,0,0,0,0
584,33,3,0,2,0,1,59103,0,2,3,2,3,0,0,0,0
812,44,8,0,3,1,0,66926,0,6,6,1,4,1,1,1,1
629,31,6,132876,1,1,1,130862,0,3,2,4,7,0,0,0,0
850,33,10,0,1,1,0,4861,0,6,3,1,1,1,0,0,0
706,48,10,104478,3,0,1,158248,0,5,7,3,8,1,1,1,1
598,27,10,171283,1,1,1,84136,0,2,1,5,5,0,0,0,0
563,36,4,143680,2,1,1,63531,0,2,4,5,4,0,0,0,0
629,41,10,150148,1,0,0,6936,0,3,6,5,1,0,1,0,0
737,45,10,0,2,1,0,1364,0,5,7,2,1,0,1,0,0
686,32,6,0,2,1,1,179093,0,4,2,2,9,0,0,0,0
662,41,4,90350,1,1,0,75884,0,4,6,3,4,1,1,1,0
698,47,5,156265,2,0,0,1055,0,5,7,5,1,0,1,1,0
653,36,3,0,2,0,0,110525,0,4,4,1,6,0,0,0,0
504,42,3,134936,2,0,0,135178,0,1,6,5,7,0,1,1,1
687,41,2,154007,1,1,0,158408,0,4,6,5,8,0,1,1,1
720,64,3,45752,2,1,0,79623,0,5,8,2,4,1,1,1,1
620,25,8,141825,1,1,1,73857,0,3,1,5,4,1,0,0,0
687,44,7,0,3,1,0,155853,0,4,6,1,8,1,1,1,1
515,40,0,109542,1,1,1,166370,0,1,5,3,9,0,0,0,0
529,39,6,102025,2,1,0,12351,0,1,5,3,1,0,0,0,0
678,26,1,0,2,1,0,45443,0,4,1,2,3,0,0,0,0
850,28,4,0,2,1,1,12409,0,6,1,1,1,0,0,0,0
705,37,3,109974,1,1,1,36320,0,5,4,3,2,1,0,0,0
592,41,0,0,2,1,0,65906,0,2,6,2,4,0,0,0,0
850,26,4,62610,2,0,1,179365,0,6,1,2,9,0,0,0,0
350,40,0,111098,1,1,1,172321,0,1,5,4,9,1,0,0,1
651,23,4,115636,2,1,0,70400,0,3,1,4,4,0,0,0,0
796,41,8,107525,1,1,0,18510,0,6,6,3,1,0,1,1,0
493,37,8,142987,2,1,0,158840,0,1,4,5,8,0,0,0,0
747,37,9,135776,3,1,0,85470,0,5,4,5,5,1,1,1,1
675,61,5,62055,3,1,0,166305,0,4,8,2,9,1,1,1,1
464,38,3,116439,1,1,0,75574,0,1,5,4,4,0,1,1,0
465,25,2,78247,2,1,1,10472,0,1,1,3,1,0,0,0,0
656,45,7,145933,1,1,1,199392,0,4,7,5,10,0,1,0,0
544,40,8,0,2,1,0,61581,0,1,5,1,4,0,0,0,0
550,51,5,0,2,1,0,153917,0,1,7,1,8,0,1,1,1
675,38,6,68065,1,0,0,138777,0,4,5,2,7,1,1,1,0
748,58,9,122330,2,0,1,124429,0,5,8,4,7,0,0,0,0
673,41,5,0,1,1,1,65657,0,4,6,1,4,0,0,0,0
693,68,4,97705,1,1,1,61569,0,4,8,3,4,0,0,0,0
782,53,1,81571,1,1,0,182960,0,6,8,3,10,1,1,1,1
634,37,7,51582,2,1,1,184312,0,3,4,2,10,0,0,0,0
554,37,3,0,2,1,0,166177,0,2,4,2,9,0,0,0,0
562,38,5,0,1,1,0,115700,0,2,5,2,6,0,1,1,1
731,41,3,0,2,1,0,101371,0,5,6,2,6,0,0,0,0
615,51,6,81818,1,1,1,169149,0,3,7,3,9,0,1,1,0
563,46,8,106171,1,1,0,163145,0,2,7,3,9,1,1,1,1
671,48,9,116711,2,0,0,76373,0,4,7,4,4,0,1,1,1
557,28,7,146445,2,1,0,184317,0,2,1,5,10,0,0,0,0
776,39,2,104349,1,0,0,79503,0,6,5,3,4,0,0,0,0
781,48,9,82794,1,1,0,124720,0,6,7,3,7,1,1,1,1
605,19,8,166133,1,1,1,107994,0,2,1,5,6,0,0,0,0
656,32,5,136963,1,1,0,133814,0,4,2,5,7,0,0,0,0
510,50,7,123936,1,1,1,23768,0,1,7,4,2,0,1,1,1
494,69,9,93320,1,1,1,24489,0,1,8,3,2,0,0,0,0
623,28,7,0,1,0,0,129526,0,3,1,2,7,0,0,0,0
648,45,5,118886,1,0,0,51636,0,3,7,4,3,0,1,1,1
491,33,5,83134,1,1,0,187946,0,1,3,3,10,0,0,0,0
850,35,9,0,2,0,0,25329,0,6,3,2,2,0,0,0,0
695,27,6,125552,1,1,0,105291,0,4,1,4,6,0,0,0,0
683,39,2,47685,2,1,1,86019,0,4,5,2,5,0,0,0,0
676,43,2,0,1,1,1,55119,0,4,6,1,3,0,1,0,0
839,47,2,136911,1,1,1,168184,0,6,7,5,9,1,1,0,0
604,34,7,0,2,1,0,193021,0,2,3,1,10,0,0,0,0
582,32,1,116409,1,0,1,152790,0,2,2,4,8,0,0,0,0
655,38,4,0,2,0,0,110527,0,4,5,1,6,0,0,0,0
723,30,3,124119,1,1,0,162198,0,5,2,4,9,0,0,0,0
671,34,6,37266,2,0,0,156917,0,4,3,2,8,0,0,0,0
615,36,6,0,1,1,1,27011,0,3,4,1,2,1,0,0,0
675,34,10,84944,1,0,0,146230,0,4,3,3,8,0,0,0,0
638,37,2,89728,2,1,1,37294,0,3,4,3,2,0,0,0,0
661,39,6,132628,1,0,0,38812,0,4,5,4,2,0,1,1,1
758,33,0,129142,2,1,1,26606,0,6,3,4,2,0,0,0,0
554,46,4,0,2,0,1,57320,0,2,7,1,3,0,0,0,0
620,41,0,97925,1,1,0,85000,0,3,6,3,5,0,1,1,0
628,29,3,113146,2,0,1,124749,0,3,2,4,7,0,0,0,0
631,29,7,0,2,0,1,125877,0,3,2,2,7,0,0,0,0
535,30,5,122924,1,0,0,62390,0,1,2,4,4,1,0,0,1
769,25,10,0,2,0,0,187925,0,6,1,1,10,0,0,0,0
710,62,9,148214,1,1,0,48571,0,5,8,5,3,1,1,1,1
726,48,4,0,1,1,0,114020,0,5,7,1,6,1,1,1,1
515,60,9,113715,1,1,0,18424,0,1,8,4,1,1,1,1,1
641,57,5,0,2,1,1,122449,0,3,8,2,7,0,0,0,0
661,38,7,143006,1,1,1,15650,0,4,5,5,1,0,0,0,0
705,35,4,136496,2,1,0,116672,0,5,3,5,6,0,0,0,0
588,38,1,124271,1,1,0,75969,0,2,5,4,4,0,1,1,1
649,46,5,0,2,1,1,76946,0,3,7,1,4,0,0,0,0
414,38,8,0,1,0,1,77661,0,1,5,1,4,1,0,0,1
702,43,6,116121,1,1,0,61602,0,5,6,4,4,0,1,1,1
534,36,4,120037,1,1,0,36275,0,1,4,4,2,0,1,1,1
704,48,8,167997,1,1,1,173498,0,5,7,5,9,0,1,0,0
751,37,0,151218,1,1,1,109309,0,6,4,5,6,0,0,0,0
706,30,3,98415,1,1,1,110520,0,5,2,3,6,0,0,0,0
567,37,7,0,2,1,1,28690,0,2,4,1,2,0,0,0,0
560,47,1,0,1,0,0,128882,0,2,7,2,7,1,1,1,1
621,40,7,0,2,0,1,131283,0,3,5,2,7,1,0,0,0
611,43,9,127216,2,0,1,17913,0,3,6,4,1,0,0,0,0
756,27,1,131899,1,1,0,93302,0,6,1,4,5,0,0,0,0
470,39,5,117469,2,0,0,63705,0,1,5,4,4,0,0,0,0
778,29,7,123229,1,1,0,181221,0,6,2,4,10,0,0,0,0
798,32,7,0,2,0,1,37731,0,6,2,1,2,0,0,0,0
625,24,1,0,2,1,1,180969,0,3,1,1,10,0,0,0,0
710,32,3,0,1,1,0,94790,0,5,2,1,5,0,0,1,1
628,42,7,0,2,0,1,172967,0,3,6,1,9,0,0,0,0
567,36,7,0,2,0,1,3896,0,2,4,2,1,0,0,0,0
819,28,8,168253,1,1,1,102799,0,6,1,5,6,0,0,0,0
734,30,7,123040,1,1,1,76503,0,5,2,4,4,0,0,0,0
640,33,1,167298,1,0,1,145381,0,3,3,5,8,0,0,0,0
580,39,3,119688,1,1,0,137041,0,2,5,4,7,0,1,1,1
746,24,3,137492,2,0,1,170142,0,5,1,5,9,0,0,0,0
504,44,0,131873,2,1,1,158036,0,1,6,4,8,1,0,0,0
833,37,8,151226,2,1,1,136129,0,6,4,5,7,0,0,0,0
652,33,7,128135,1,1,0,158437,0,3,3,4,8,0,0,0,1
719,47,9,116393,1,1,0,63051,0,5,7,4,4,1,1,1,1
765,40,6,138033,1,1,1,67972,0,6,5,5,4,0,0,0,0
672,37,5,153195,1,1,1,162763,0,4,4,5,9,0,0,0,0
422,33,2,0,2,1,0,102655,0,1,3,1,6,0,0,0,0
850,43,2,125510,1,1,1,79084,0,6,6,4,4,0,0,0,0
615,58,3,72309,1,1,1,85687,0,3,8,2,5,1,0,0,0
728,46,2,109705,1,1,0,20276,0,5,7,3,2,1,1,1,1
850,35,2,80931,1,0,0,12639,0,6,3,3,1,1,0,0,0
845,38,2,112803,1,1,0,179631,0,6,5,4,9,0,0,0,0
575,47,9,107915,2,1,1,63452,0,2,7,3,4,1,0,0,0
720,52,7,0,1,1,1,14781,0,5,8,1,1,0,1,1,1
612,30,9,142910,1,1,0,105890,0,3,2,5,6,1,0,0,0
473,39,9,117103,2,1,1,85937,0,1,5,4,5,1,0,0,0
741,35,1,0,2,1,0,36557,0,5,3,2,2,0,0,0,0
663,46,2,141726,1,1,1,58257,0,4,7,5,3,0,1,0,0
560,27,7,124995,1,1,1,114669,0,2,1,4,6,0,0,0,0
800,40,5,97764,1,1,0,98640,0,6,5,3,5,1,1,0,0
528,32,4,85615,2,1,0,156192,0,1,2,3,8,0,0,0,0
631,27,10,134169,1,1,1,176730,0,3,1,5,9,0,0,0,0
653,41,1,104584,1,1,0,15126,0,4,6,3,1,1,1,1,0
545,37,3,91184,1,1,0,105476,0,1,4,3,6,0,1,1,0
520,31,4,93249,1,1,0,77335,0,1,2,3,4,0,0,0,0
646,25,5,182876,2,1,1,42537,0,3,1,5,3,1,0,0,0
534,42,9,144801,1,0,1,12483,0,1,6,5,1,1,1,0,0
730,41,4,167545,1,1,0,128246,0,5,6,5,7,0,1,1,1
666,59,5,0,2,1,1,185123,0,4,8,2,10,0,0,0,0
756,26,5,155143,1,0,1,135034,0,6,1,5,7,1,0,0,0
721,49,1,120108,1,0,1,183421,0,5,7,4,10,0,1,1,1
738,40,6,114940,2,1,1,194895,0,5,5,4,10,1,0,0,0
724,37,10,68598,1,1,0,157862,0,5,4,2,8,0,1,0,0
850,29,10,0,2,1,1,94815,0,6,2,1,5,0,0,0,0
640,30,5,32197,1,0,1,141446,0,3,2,2,8,0,0,0,0
566,44,5,0,2,1,0,66462,0,2,6,1,4,0,1,0,0
592,37,4,212692,1,0,0,176395,0,2,4,5,9,0,1,1,1
570,29,4,122028,2,1,1,173792,0,2,2,4,9,0,0,0,0
709,36,7,0,1,0,1,42085,0,5,4,2,3,1,0,0,0
408,40,3,0,2,0,0,124874,0,1,5,2,7,0,0,0,0
696,31,8,122021,2,1,0,33828,0,5,2,4,2,0,0,0,0
652,37,4,0,2,1,0,143393,0,3,4,2,8,0,0,0,0
646,39,9,111574,1,1,1,30838,0,3,5,4,2,0,0,0,0
617,39,5,83348,3,1,0,7953,0,3,5,3,1,1,1,1,1
434,71,9,119496,1,1,0,125848,0,1,8,4,7,0,1,1,1
503,38,1,0,2,1,1,95153,0,1,5,2,5,0,0,0,0
768,37,9,108308,1,1,0,41788,0,6,4,3,3,1,0,0,0
647,64,1,91216,1,1,1,41800,0,3,8,3,3,0,0,0,0
774,40,9,93017,2,1,0,191608,0,6,5,3,10,0,0,0,0
632,30,1,58668,1,1,1,78670,0,3,2,2,4,0,0,0,0
724,36,6,94615,2,1,1,10627,0,5,4,3,1,0,0,0,0
593,27,10,0,3,0,0,94620,0,2,1,2,5,1,0,0,0
808,67,10,124577,1,0,1,169894,0,6,8,4,9,0,0,0,0
502,33,8,0,2,1,1,123509,0,1,3,2,7,0,0,0,0
660,30,7,146301,1,0,0,96847,0,4,2,5,5,0,0,0,0
785,33,6,127211,1,0,0,191961,0,6,3,4,10,0,0,0,0
771,36,5,77846,1,0,0,99805,0,6,4,3,5,0,0,0,0
716,44,6,155114,1,0,0,133871,0,5,6,5,7,0,1,1,1
480,35,2,165692,1,1,1,197984,0,1,3,5,10,0,0,0,0
850,31,3,0,2,1,0,121866,0,6,2,1,7,0,0,0,0
804,50,4,0,1,1,1,8546,0,6,7,1,1,1,1,1,1
705,57,3,0,2,1,1,34134,0,5,8,1,2,0,0,0,0
745,46,7,0,2,1,1,67769,0,5,7,1,4,0,0,0,0
578,40,7,0,2,0,0,102233,0,2,5,2,6,0,0,0,0
727,37,9,101191,1,1,1,34551,0,5,4,3,2,1,0,0,0
558,26,1,148853,2,1,1,24411,0,2,1,5,2,0,0,0,0
445,25,6,0,2,1,0,119425,0,1,1,2,6,0,0,0,0
575,36,1,0,1,0,1,94570,0,2,4,2,5,0,0,0,0
677,35,0,0,2,0,0,76637,0,4,3,1,4,0,0,0,0
496,55,4,125292,1,1,1,31532,0,1,8,4,2,1,1,1,1
572,33,9,68193,1,1,0,19998,0,2,3,2,1,0,0,0,0
655,47,10,0,2,1,0,167778,0,4,7,1,9,0,1,0,0
722,43,1,0,1,1,0,44560,0,5,6,1,3,1,1,1,1
527,39,9,96748,2,1,0,94711,0,1,5,3,5,0,0,0,0
759,35,7,147936,1,1,1,106785,0,6,3,5,6,0,0,0,0
648,38,10,82697,1,1,0,74846,0,3,5,3,4,0,1,0,0
502,33,6,125241,2,1,1,158736,0,1,3,4,8,0,0,0,0
535,20,9,134874,1,1,1,118825,0,1,1,5,6,0,0,0,0
543,64,4,0,2,1,1,148305,0,1,8,2,8,0,0,0,0
772,23,2,0,2,1,0,18364,0,6,1,2,1,0,0,0,0
774,36,7,103688,1,0,1,118971,0,6,4,3,6,0,0,0,0
675,39,1,0,2,1,0,153129,0,4,5,2,8,0,0,0,0
681,38,3,0,2,1,1,112491,0,4,5,1,6,0,0,0,0
719,44,2,0,2,1,0,196582,0,5,6,2,10,0,1,0,0
610,45,3,0,1,1,0,38276,0,3,7,1,2,1,1,1,1
786,40,6,0,2,0,0,41248,0,6,5,2,3,0,0,0,0
682,43,5,125851,1,1,1,193318,0,4,6,4,10,0,1,0,0
725,33,7,115182,2,1,1,177279,0,5,3,4,9,0,0,0,0
444,34,2,144318,1,1,0,112668,0,1,3,5,6,0,0,0,0
697,37,7,168066,1,1,0,35450,0,5,4,5,2,0,1,1,0
653,32,4,83772,1,0,1,23920,0,4,2,3,2,0,0,0,0
654,47,10,0,2,1,0,170481,0,4,7,1,9,0,1,0,0
622,32,6,169089,2,1,0,101057,0,3,2,5,6,0,0,0,0
597,38,6,115702,2,1,1,25059,0,2,5,4,2,0,0,0,0
641,40,4,101090,1,1,1,51703,0,3,5,3,3,0,0,0,0
664,55,8,0,2,1,1,139161,0,4,8,1,7,0,0,0,0
757,31,8,149085,2,1,1,197077,0,6,2,5,10,0,0,0,0
750,47,7,121376,2,1,0,54473,0,6,7,4,3,1,1,1,0
644,28,7,155060,1,1,0,29179,0,3,1,5,2,0,0,0,0
626,44,10,81553,1,1,0,20063,0,3,6,3,1,1,1,1,0
610,37,10,140363,2,1,1,129563,0,3,4,5,7,0,0,0,0
658,40,5,143566,1,1,1,189607,0,4,5,5,10,0,0,0,0
656,40,2,0,2,1,1,180553,0,4,5,1,10,0,0,0,0
837,26,4,89900,2,1,0,175477,0,6,1,3,9,0,0,0,0
725,36,1,118851,1,1,1,102747,0,5,4,4,6,0,0,0,0
641,37,2,0,2,1,0,3939,0,3,4,2,1,0,0,0,0
472,40,4,0,1,1,0,70154,0,1,5,1,4,0,1,1,1
496,43,3,0,2,0,1,199505,0,1,6,1,10,0,0,0,0
531,37,1,0,1,1,0,4606,0,1,4,2,1,0,1,1,0
591,35,2,90194,2,1,0,57064,0,2,3,3,3,0,0,0,0
593,35,9,114193,1,1,0,71154,0,2,3,4,4,0,0,1,0
595,36,6,85768,1,1,1,24802,0,2,4,3,2,0,0,0,0
454,34,4,0,2,1,0,198817,0,1,3,2,10,0,0,0,0
601,41,3,0,2,1,0,54342,0,2,6,2,3,0,0,0,0
537,38,1,96939,1,1,1,102606,0,1,5,3,6,0,0,0,0
670,20,4,0,2,1,0,119759,0,4,1,2,7,0,0,0,0
689,63,1,0,2,1,1,186526,0,4,8,2,10,0,0,0,0
652,46,10,121063,3,1,0,151481,0,3,7,4,8,1,1,1,1
604,28,6,0,2,1,1,69056,0,2,1,2,4,0,0,0,0
543,42,5,0,2,0,0,101905,0,1,6,1,6,0,1,0,1
608,33,1,102772,2,1,0,70705,0,2,3,3,4,0,0,0,0
607,48,4,112070,3,1,0,173568,0,2,7,4,9,1,1,1,1
531,42,2,0,2,0,1,90537,0,1,6,1,5,0,0,0,0
620,29,3,0,2,0,1,153392,0,3,2,1,8,0,0,0,0
444,43,3,0,2,1,1,159131,0,1,6,2,8,0,0,0,0
498,25,8,121702,1,1,1,132210,0,1,1,4,7,0,0,0,0
713,42,3,0,2,0,0,82565,0,5,6,1,5,0,1,0,0
532,60,5,76705,2,0,1,13889,0,1,8,3,1,0,0,0,0
614,40,3,113348,1,1,1,77789,0,3,5,4,4,0,0,0,0
586,60,3,47020,2,0,1,63241,0,2,8,2,4,1,0,0,0
673,41,9,98612,1,1,0,151349,0,4,6,3,8,0,1,1,0
623,46,4,0,1,1,0,5549,0,3,7,2,1,1,1,1,1
762,53,1,102520,1,1,1,170195,0,6,8,3,9,0,0,1,0
697,39,6,151553,1,1,1,44946,0,5,5,5,3,0,0,0,0
781,35,7,92526,2,1,1,173837,0,6,3,3,9,0,0,0,0
625,55,8,118772,4,0,0,135853,0,3,8,4,7,1,1,1,1
681,49,8,142946,1,0,0,187280,0,4,7,5,10,1,1,1,1
641,35,4,0,2,0,0,125986,0,3,3,1,7,0,0,0,0
518,50,4,0,1,0,0,107112,0,1,7,2,6,1,1,1,1
668,72,2,0,2,1,1,70783,0,4,8,2,4,0,0,0,0
565,38,5,126645,1,1,1,168303,0,2,5,4,9,0,0,0,0
815,28,6,0,2,0,1,185547,0,6,1,1,10,0,0,0,0
678,32,5,0,2,1,0,90284,0,4,2,1,5,0,0,0,0
765,43,9,157960,2,0,0,136602,0,6,6,5,7,0,1,0,0
850,49,5,122486,1,0,1,59748,0,6,7,4,3,0,1,1,1
640,32,6,118879,2,1,1,19131,0,3,2,4,1,0,0,0,0
850,55,6,0,1,1,0,944,0,6,8,1,1,1,1,1,1
697,51,1,147910,1,1,1,53581,0,5,7,5,3,0,1,0,0
712,29,7,77919,1,1,0,122547,0,5,2,3,7,0,0,0,0
619,38,1,0,1,1,0,112442,0,3,5,1,6,1,1,1,1
737,41,1,101960,1,1,1,123547,0,5,6,3,7,0,0,0,0
826,30,5,0,2,0,1,157397,0,6,2,2,8,0,0,0,0
651,41,1,90218,1,1,0,174337,0,3,6,3,9,0,1,1,1
693,44,5,124601,2,1,1,46998,0,4,6,4,3,1,0,0,0
655,37,9,121342,1,1,1,180241,0,4,4,4,10,0,0,0,0
687,39,7,0,2,1,0,26848,0,4,5,1,2,0,0,0,0
601,44,1,100486,2,1,1,62678,0,2,6,3,4,0,0,0,0
708,40,8,83015,1,1,0,101089,0,5,5,3,6,0,1,1,0
543,57,1,106138,2,1,1,120657,0,1,8,3,7,1,0,0,0
610,42,6,0,2,1,0,158302,0,3,6,1,8,1,1,0,0
850,54,7,108185,2,0,0,24093,0,6,8,3,2,1,1,1,1
561,37,5,0,2,1,0,83093,0,2,4,1,5,0,0,0,0
654,37,5,0,1,0,1,71492,0,4,4,2,4,0,0,0,0
622,35,8,0,2,1,1,131772,0,3,3,1,7,0,0,0,0
603,46,4,98899,2,1,1,86190,0,2,7,3,5,0,0,0,0
565,40,1,89994,2,0,1,121084,0,2,5,3,7,0,0,0,0
575,52,8,123925,1,0,0,111342,0,2,8,4,6,1,1,1,1
726,51,8,107494,2,1,0,140937,0,5,7,3,8,1,1,1,1
678,35,4,0,1,1,0,125518,0,4,3,1,7,0,1,1,1
525,35,7,165358,1,0,1,94738,0,1,3,5,5,0,0,0,0
645,41,7,0,1,0,1,28667,0,3,6,1,2,0,0,0,0
705,39,8,144102,1,1,1,11682,0,5,5,5,1,0,0,0,0
750,36,7,136492,3,1,1,26500,0,6,4,5,2,1,0,1,1
596,67,6,0,2,1,1,138350,0,2,8,2,7,0,0,0,0
705,61,4,0,2,1,1,191313,0,5,8,1,10,0,0,0,0
797,45,8,0,1,0,0,125110,0,6,7,2,7,0,1,1,1
684,38,3,134168,3,1,0,3966,0,4,5,5,1,1,1,1,1
712,48,8,0,2,1,0,183235,0,5,7,1,10,0,1,0,0
535,53,5,141616,2,1,1,75888,0,1,8,5,4,0,0,0,0
559,38,3,145874,1,1,0,56311,0,2,5,5,3,1,1,1,1
450,29,7,117199,1,1,1,43480,0,1,2,4,3,0,0,0,0
682,42,0,0,1,1,1,160828,0,4,6,1,9,0,1,0,0
468,26,1,131643,1,1,0,64436,0,1,1,4,4,0,0,0,0
536,22,5,89492,1,0,0,42934,0,1,1,3,3,0,0,0,0
836,37,10,0,2,1,0,111324,0,6,4,2,6,0,0,0,0
580,38,9,115442,2,1,0,128481,0,2,5,4,7,1,0,0,0
778,33,1,0,2,1,0,85439,0,6,3,1,5,0,0,0,0
549,50,9,94748,2,0,1,13608,0,1,7,3,1,0,0,0,0
720,21,2,123200,1,1,1,180712,0,5,1,4,10,0,0,0,0
698,27,6,125427,2,0,0,27654,0,5,1,4,2,0,0,0,0
582,32,1,88938,1,1,1,10054,0,2,2,3,1,0,0,0,0
520,34,3,0,2,1,1,104703,0,1,3,2,6,0,0,0,0
645,29,4,0,2,1,1,74346,0,3,2,2,4,0,0,0,0
447,32,10,0,1,1,1,151815,0,1,2,1,8,0,0,0,0
662,59,2,104568,1,1,0,8059,0,4,8,3,1,1,1,1,1
646,32,1,0,2,1,0,183289,0,3,2,1,10,0,0,0,0
597,43,7,119127,2,1,0,55809,0,2,6,4,3,0,1,1,1
756,27,8,0,2,1,1,157932,0,6,1,2,8,0,0,0,0
671,30,2,0,1,0,1,102057,0,4,2,1,6,0,0,0,0
678,44,2,98009,2,0,1,31384,0,4,6,3,2,0,0,0,0
529,42,1,157498,1,1,1,82276,0,1,6,5,5,0,0,0,0
743,30,7,77599,1,0,0,144407,0,5,2,3,8,0,0,0,0
675,39,7,0,2,0,1,36267,0,4,5,2,2,0,0,0,0
492,35,4,141359,2,1,0,39519,0,1,3,5,2,0,0,0,0
607,27,2,0,2,1,0,63495,0,2,1,1,4,0,0,0,0
726,48,6,99906,1,1,0,64323,0,5,7,3,4,0,1,1,1
678,43,5,102338,1,1,1,79649,0,4,6,3,4,0,1,0,0
661,27,3,0,2,1,1,76889,0,4,1,1,4,0,0,0,0
719,61,5,0,2,0,1,29132,0,5,8,2,2,0,0,0,0
652,48,8,133297,1,1,0,77764,0,3,7,4,4,0,1,1,1
737,39,7,130051,2,0,0,55356,0,5,5,4,3,1,0,0,1
585,28,9,135337,2,1,1,40385,0,2,1,5,2,0,0,0,0
732,61,9,94867,2,1,1,157527,0,5,8,3,8,1,0,0,0
565,38,2,158651,2,1,1,179445,0,2,5,5,9,0,0,0,0
511,40,1,0,1,1,1,184118,0,1,5,2,10,0,0,0,0
692,49,6,110540,2,0,1,107472,0,4,7,4,6,0,0,1,1
771,18,1,0,2,0,0,41542,0,6,1,1,3,0,0,0,0
652,58,3,116353,2,0,1,193502,0,3,8,4,10,0,0,0,0
563,22,3,137583,1,0,1,5791,0,2,1,5,1,0,0,0,0
726,56,2,105473,1,1,1,46044,0,5,8,3,3,0,1,1,1
546,74,8,114888,2,1,1,66732,0,1,8,4,4,1,0,0,0
642,32,3,0,2,1,1,88698,0,3,2,1,5,0,0,0,0
660,26,4,115021,1,0,1,162443,0,4,1,4,9,0,0,0,0
589,39,7,0,2,0,0,95985,0,2,5,1,5,0,0,0,0
605,29,3,116805,1,0,0,4092,0,2,2,4,1,0,0,0,1
627,27,2,0,2,1,0,125451,0,3,1,2,7,0,0,0,0
796,40,1,99745,1,1,0,177524,0,6,5,3,9,0,1,0,0
437,43,6,0,1,1,0,148330,0,1,6,2,8,1,1,1,1
720,33,3,123783,2,1,1,142903,0,5,3,4,8,0,0,0,0
726,50,9,94504,1,0,1,5078,0,5,7,3,1,0,1,1,1
727,35,5,136364,1,0,0,142754,0,5,3,5,8,0,1,1,1
604,40,1,84315,1,0,0,36209,0,2,5,3,2,0,1,1,1
663,35,5,0,2,1,1,62634,0,4,3,2,4,0,0,0,0
674,34,2,152797,1,1,0,175709,0,4,3,5,9,1,0,0,0
641,42,6,0,2,0,0,121138,0,3,6,1,7,0,1,0,0
561,35,5,0,2,1,0,59981,0,2,3,2,3,0,0,0,0
710,38,4,0,2,1,1,136390,0,5,5,1,7,0,0,0,0
712,39,5,163097,2,1,1,23702,0,5,5,5,2,0,0,0,0
493,48,7,0,2,1,0,48545,0,1,7,1,3,0,1,1,0
446,51,4,105056,1,0,0,70613,0,1,7,3,4,0,1,1,1
650,46,9,149003,2,1,0,176902,0,3,7,5,9,0,1,1,1
711,35,8,0,1,1,1,67508,0,5,3,2,4,0,0,0,0
472,26,5,0,2,1,0,108411,0,1,1,2,6,0,0,0,0
706,57,7,0,1,1,0,17941,0,5,8,1,1,1,1,1,1
575,49,7,121205,4,1,1,168080,0,2,7,4,9,1,1,1,1
445,33,7,0,2,1,0,122625,0,1,3,2,7,0,0,0,0
662,36,4,166909,2,1,0,138871,0,4,4,5,7,1,0,0,0
726,26,1,80780,1,1,1,19225,0,5,1,3,1,0,0,0,0
765,36,8,92310,2,1,1,72924,0,6,4,3,4,0,0,0,0
674,18,7,0,2,1,1,55753,0,4,1,1,3,1,0,0,0
549,34,4,0,2,0,0,139463,0,1,3,2,8,0,0,0,0
760,57,1,0,2,1,1,25101,0,6,8,1,2,0,0,0,0
775,32,2,108698,2,1,1,161069,0,6,2,3,9,0,0,0,0
497,32,8,111537,4,1,1,9497,0,1,2,4,1,1,0,1,1
777,34,5,96693,1,1,1,172618,0,6,3,3,9,0,0,0,0
779,42,5,0,2,0,0,25951,0,6,6,2,2,0,0,0,0
479,35,2,113090,1,1,0,195649,0,1,3,4,10,0,0,1,1
650,27,6,0,2,1,0,1002,0,3,1,1,1,0,0,0,0
443,54,3,138547,1,1,1,70196,0,1,8,5,4,1,0,0,0
668,37,6,167864,1,1,0,115638,0,4,4,5,6,0,1,1,0
757,55,9,117294,4,1,0,94187,0,6,8,4,5,1,1,1,1
706,23,2,93301,2,0,1,127187,0,5,1,3,7,0,0,0,0
834,40,7,0,2,0,0,45038,0,6,5,2,3,0,0,0,0
850,35,3,162442,1,1,0,183566,0,6,3,5,10,0,0,0,0
592,71,4,0,2,0,1,17013,0,2,8,2,1,0,0,0,0
599,28,7,119706,1,0,0,31190,0,2,1,4,2,0,0,0,0
678,37,8,149000,2,1,1,21472,0,4,4,5,2,0,0,0,0
647,26,8,109958,1,1,1,136592,0,3,1,3,7,1,0,0,0
607,35,2,0,2,1,1,114190,0,2,3,1,6,0,0,0,0
694,39,9,0,2,0,0,99924,0,4,5,2,5,0,0,0,0
559,33,9,111060,2,1,0,110371,0,2,3,4,6,0,0,0,0
607,34,9,132439,1,1,0,177747,0,2,3,4,9,0,0,0,0
699,28,7,0,2,1,1,22684,0,5,1,2,2,0,0,0,0
651,41,4,38617,1,1,1,104876,0,3,6,2,6,0,0,0,0
614,39,3,151914,1,0,0,56459,0,3,5,5,3,0,1,1,1
756,24,1,0,2,1,0,184182,0,6,1,1,10,0,0,0,0
540,31,10,118158,1,1,1,158027,0,1,2,4,8,0,0,0,0
506,50,3,0,2,1,0,12016,0,1,7,1,1,0,1,1,1
633,32,1,104001,1,0,1,36642,0,3,2,3,2,0,0,0,0
710,37,5,0,2,1,0,115403,0,5,4,1,6,0,0,0,0
639,37,5,98186,1,0,1,173386,0,3,4,3,9,0,0,0,0
536,61,8,65190,1,1,1,64308,0,1,8,2,4,1,0,0,0
618,32,5,133476,1,0,1,154843,0,3,2,4,8,0,0,0,0
726,28,2,0,1,0,0,98060,0,5,1,2,5,0,0,0,0
529,29,4,135759,1,0,0,112813,0,1,2,5,6,1,0,0,0
850,31,4,91292,1,1,1,162149,0,6,2,3,9,0,0,0,0
686,34,1,0,2,1,0,87278,0,4,3,2,5,0,0,0,0
808,25,7,0,2,0,1,23180,0,6,1,2,2,0,0,0,0
745,34,7,132944,1,1,1,31802,0,5,3,4,2,0,0,0,0
635,34,5,98683,2,1,0,15733,0,3,3,3,1,0,0,0,0
507,42,6,0,2,1,0,34777,0,1,6,1,2,0,1,0,0
807,31,1,93460,2,0,0,172782,0,6,2,3,9,0,0,0,0
607,47,4,148826,1,1,1,79450,0,2,7,5,4,0,1,1,0
765,41,4,124182,1,0,0,100153,0,6,6,4,5,0,1,0,0
661,31,3,136067,2,1,0,65567,0,4,2,5,4,0,0,0,0
518,27,1,133801,1,1,1,143315,0,1,1,5,8,0,0,0,0
605,41,5,91612,1,1,1,28427,0,2,6,3,2,0,0,0,0
593,39,0,117704,1,1,0,197933,0,2,5,4,10,0,1,1,1
783,38,9,114135,1,1,0,153269,0,6,5,4,8,0,0,0,0
630,26,7,0,2,1,1,6656,0,3,1,1,1,0,0,0,0
749,66,6,182532,2,1,1,195429,0,6,8,5,10,0,0,0,0
675,50,1,133204,1,0,1,8270,0,4,7,4,1,0,1,1,1
580,57,0,136820,1,0,1,108528,0,2,8,5,6,0,1,0,1
710,29,3,119670,1,1,0,188022,0,5,2,4,10,0,0,0,0
661,48,3,120320,1,0,0,96463,0,4,7,4,5,0,1,1,1
637,34,9,0,2,0,0,26057,0,3,3,1,2,0,0,0,0
430,66,6,135392,2,1,1,172852,0,1,8,5,9,1,0,0,0
528,31,6,102016,2,0,0,80181,0,1,2,3,4,0,0,0,0
638,26,1,105249,2,1,1,23491,0,3,1,3,2,0,0,0,0
775,60,7,0,2,1,1,111558,0,6,8,1,6,0,0,0,0
529,31,7,0,2,1,1,175697,0,1,2,2,9,0,0,0,0
507,33,1,113452,1,0,0,142911,0,1,3,4,8,0,0,0,0
756,37,3,132623,1,1,1,58974,0,6,4,4,3,0,0,0,0
695,39,4,65521,1,1,1,1243,0,4,5,2,1,0,0,0,0
508,41,5,0,2,1,1,94170,0,1,6,2,5,0,0,0,0
674,39,6,0,2,1,1,9574,0,4,5,2,1,0,0,0,0
568,26,1,112930,2,1,0,22095,0,2,1,4,2,0,0,0,0
687,44,8,95368,2,1,1,1787,0,4,6,3,1,0,0,0,0
659,39,1,104502,1,1,0,20652,0,4,5,3,2,0,1,1,0
627,37,7,147361,1,1,1,133031,0,3,4,5,7,0,0,0,0
690,43,2,166522,1,0,0,119644,0,4,6,5,6,1,1,1,1
749,27,9,0,2,1,0,132734,0,6,1,2,7,0,0,0,0
520,49,5,121197,1,1,0,72577,0,1,7,4,4,1,1,1,1
573,31,0,134644,1,1,1,70381,0,2,2,5,4,0,0,0,0
768,36,5,180169,2,1,0,17348,0,6,4,5,1,0,0,0,0
670,35,2,79585,1,0,1,198802,0,4,3,3,10,0,0,0,0
701,35,9,0,2,0,0,170996,0,5,3,1,9,0,0,0,0
731,46,10,0,2,1,0,153015,0,5,7,2,8,0,1,0,0
679,33,6,0,2,1,1,98015,0,4,3,1,5,0,0,0,0
610,25,2,0,2,1,0,123723,0,3,1,1,7,0,0,0,0
506,59,3,190353,1,1,0,78365,0,1,8,5,4,0,1,1,1
516,35,10,104088,2,0,0,119666,0,1,3,3,6,0,0,0,0
661,34,0,0,2,1,0,185555,0,4,3,2,10,0,0,0,0
679,47,10,198546,2,1,0,191198,0,4,7,5,10,1,1,1,0
671,28,8,119859,2,1,0,125422,0,4,1,4,7,0,0,0,0
651,41,4,133432,1,0,1,151303,0,3,6,4,8,0,0,0,0
625,37,4,142711,1,1,0,35625,0,3,4,5,2,0,1,1,1
579,37,4,0,2,1,1,32246,0,2,4,2,2,0,0,0,0
714,34,5,0,2,1,0,193040,0,5,3,2,10,0,0,0,0
724,30,7,115315,1,1,0,15216,0,5,2,4,1,0,0,0,0
716,35,8,112808,1,0,1,17848,0,5,3,4,1,0,0,0,0
850,49,6,128663,1,1,0,65769,0,6,7,4,4,1,1,1,1
850,36,5,119984,1,1,0,191535,0,6,4,4,10,1,0,0,0
777,37,1,0,1,1,1,126837,0,6,4,1,7,0,0,0,0
584,44,5,95671,2,1,1,106564,0,2,6,3,6,0,0,0,0
678,22,6,118064,2,1,1,195424,0,4,1,4,10,0,0,0,0
515,41,8,0,2,1,1,185054,0,1,6,1,10,0,0,0,0
719,49,5,105918,1,1,1,16246,0,5,7,3,1,0,1,1,1
553,31,4,0,2,1,1,89087,0,1,2,1,5,0,0,0,0
590,51,10,84474,2,1,1,190937,0,2,7,3,10,0,0,0,0
484,50,2,90408,2,0,0,48170,0,1,7,3,3,0,1,1,1
624,52,0,133723,1,0,0,4859,0,3,8,5,1,1,1,1,1
639,27,8,0,2,1,0,192247,0,3,1,1,10,0,0,0,0
690,32,2,76087,1,0,1,151822,0,4,2,3,8,0,0,0,0
686,41,7,152105,2,0,1,132374,0,4,6,5,7,0,0,0,0
432,38,2,135559,2,1,1,71856,0,1,5,5,4,0,0,0,0
648,50,9,102535,1,1,1,189543,0,3,7,3,10,0,1,1,0
567,41,0,134378,1,1,1,105746,0,2,6,5,6,0,0,0,0
710,27,2,135277,1,1,0,142200,0,5,1,5,8,0,0,0,0
765,56,1,0,1,1,0,13228,0,6,8,2,1,1,1,1,1
632,36,7,0,2,1,1,52526,0,3,4,1,3,0,0,0,0
698,63,5,0,1,1,1,173576,0,5,8,2,9,0,0,0,0
685,33,1,0,3,0,1,70221,0,4,3,2,4,1,0,0,0
496,59,7,91680,2,1,0,163141,0,1,8,3,9,1,1,1,1
837,49,8,103302,1,1,1,50974,0,6,7,3,3,0,1,1,1
461,28,8,0,1,1,1,103349,0,1,1,1,6,0,0,0,0
712,27,2,133009,1,1,0,126809,0,5,1,4,7,0,0,0,0
698,39,9,133191,2,0,1,53289,0,5,5,4,3,0,0,0,0
807,33,10,101952,2,1,0,178153,0,6,3,3,9,0,0,0,0
661,47,0,109493,1,0,0,188324,0,4,7,3,10,1,1,1,1
523,22,8,123374,1,1,1,124906,0,1,1,4,7,0,0,0,0
748,27,2,90971,1,1,1,131662,0,5,1,3,7,0,0,0,0
666,53,5,64646,1,1,0,128019,0,4,8,2,7,1,1,1,1
567,26,2,0,2,1,1,78651,0,2,1,1,4,0,0,0,0
705,30,1,0,1,1,1,181300,0,5,2,1,10,0,0,0,0
611,43,8,64897,1,1,0,114996,0,3,6,2,6,0,1,1,1
464,46,6,161798,1,1,0,182944,0,1,7,5,10,0,1,1,1
753,30,1,110824,1,1,1,57896,0,6,2,4,3,0,0,0,0
768,28,3,109118,2,0,1,50911,0,6,1,3,3,0,0,0,0
568,31,1,61592,2,1,1,61796,0,2,2,2,4,0,0,0,0
749,40,8,141782,2,0,0,86333,0,6,5,5,5,0,0,0,0
620,40,5,108197,2,1,0,49722,0,3,5,3,3,0,1,1,0
496,44,0,179356,2,1,0,2919,0,1,6,5,1,1,1,0,0
829,36,4,81795,2,1,0,90106,0,6,4,3,5,0,0,0,0
633,29,10,130206,1,1,0,184654,0,3,2,4,10,0,0,0,0
805,31,4,0,2,1,0,4798,0,6,2,1,1,0,0,0,0
597,30,2,119370,1,1,1,182726,0,2,2,4,10,1,0,0,0
700,35,4,95853,2,1,0,192933,0,5,3,3,10,0,0,0,0
684,33,4,140700,1,1,0,103557,0,4,3,5,6,0,0,0,0
635,29,2,0,2,0,0,117173,0,3,2,2,6,0,0,0,0
686,39,3,111695,1,0,0,136643,0,4,5,4,7,0,1,1,1
657,27,8,0,2,0,0,6468,0,4,1,1,1,0,0,0,0
651,45,6,86714,1,1,0,85869,0,3,7,3,5,1,1,1,1
544,32,9,110728,1,1,1,14559,0,1,2,4,1,0,0,0,0
614,43,6,0,2,1,1,109041,0,3,6,1,6,0,0,0,0
646,50,6,145295,2,1,1,27814,0,3,7,5,2,0,0,0,0
633,38,2,91902,2,1,1,107673,0,3,5,3,6,0,0,0,0
685,33,6,174912,1,1,1,43932,0,4,3,5,3,0,0,0,0
608,48,2,127924,2,1,0,32202,0,2,7,4,2,0,1,1,1
537,38,10,0,1,0,0,52337,0,1,5,2,3,1,1,0,0
580,31,2,0,2,0,1,64014,0,2,2,2,4,0,0,0,0
537,41,3,138306,1,1,0,106761,0,1,6,5,6,0,1,1,1
695,52,8,103023,1,1,1,22485,0,4,8,3,2,0,1,1,0
579,27,9,0,2,1,0,126838,0,2,1,2,7,0,0,0,0
733,45,2,113939,2,1,0,3218,0,5,7,4,1,0,1,1,1
750,39,7,119565,1,1,0,87067,0,6,5,4,5,0,0,0,0
729,44,6,0,2,1,0,151733,0,5,6,2,8,0,1,0,0
717,25,7,108664,2,1,0,190011,0,5,1,3,10,0,0,0,0
651,37,10,117791,2,1,1,75837,0,3,4,4,4,0,0,0,0
680,32,5,0,1,1,1,150684,0,4,2,2,8,0,0,0,0
581,38,1,0,2,1,0,46176,0,2,5,1,3,0,0,0,0
812,38,3,127117,2,1,1,174822,0,6,5,4,9,0,0,0,0
751,44,10,0,2,1,0,170634,0,6,6,2,9,0,0,0,0
614,46,4,0,1,1,0,74379,0,3,7,1,4,1,1,1,1
644,30,5,44928,1,1,1,10771,0,3,2,2,1,0,0,0,0
696,30,4,114027,1,1,1,193716,0,5,2,4,10,0,0,0,0
741,52,1,171236,2,0,0,21834,0,5,8,5,2,1,1,1,1
595,39,9,136422,1,1,1,151757,0,2,5,5,8,0,0,0,0
659,31,4,118342,1,0,0,161574,0,4,2,4,9,0,0,1,0
606,36,0,94153,1,0,1,120138,0,2,4,3,7,0,0,0,0
676,34,8,82909,1,1,0,91817,0,4,3,3,5,1,0,0,0
686,47,5,113328,1,1,0,124170,0,4,7,4,7,0,1,1,1
672,53,7,0,1,1,1,136910,0,4,8,1,7,0,1,1,1
662,32,9,0,2,0,0,65089,0,4,2,2,4,0,0,0,0
640,45,8,120591,1,0,0,195123,0,3,7,4,10,0,1,1,1
518,45,8,0,2,1,1,36193,0,1,7,2,2,0,0,0,0
588,32,1,0,2,1,1,8763,0,2,2,1,1,0,0,0,0
651,45,8,95922,1,1,0,84782,0,3,7,3,5,1,1,1,1
713,38,6,116980,2,0,1,76038,0,5,5,4,4,0,0,0,0
776,32,4,109421,2,1,1,126517,0,6,2,3,7,0,0,0,0
637,36,9,166939,1,1,1,72504,0,3,4,5,4,0,0,0,0
663,36,10,0,2,1,0,136349,0,4,4,1,7,0,0,0,0
655,37,8,163708,2,0,0,76259,0,4,4,5,4,0,0,0,0
692,46,2,0,2,1,1,105983,0,4,7,2,6,0,0,0,0
531,42,6,88324,2,1,0,75248,0,1,6,3,4,0,1,0,0
850,32,4,0,1,1,1,180622,0,6,2,2,10,0,0,0,0
632,23,3,122478,1,1,0,147230,0,3,1,4,8,1,0,0,0
673,30,1,64097,1,1,1,77783,0,4,2,2,4,0,0,0,0
603,35,6,128993,2,1,0,130483,0,2,3,4,7,0,0,0,0
641,41,6,0,2,1,0,65396,0,3,6,1,4,0,0,0,0
503,28,5,0,2,1,0,125918,0,1,1,1,7,0,0,0,0
845,33,8,164385,1,1,0,150664,0,6,3,5,8,0,0,0,0
639,27,8,133806,2,1,0,6251,0,3,1,5,1,0,0,0,0
792,47,0,0,1,1,1,5557,0,6,7,1,1,1,1,1,1
602,42,6,158414,1,1,1,131886,0,2,6,5,7,0,0,0,1
498,44,2,120702,2,1,1,98175,0,1,6,4,5,0,0,0,0
763,58,9,187911,1,0,1,35825,0,6,8,5,2,0,0,0,0
815,45,7,0,1,0,1,52885,0,6,7,1,3,1,1,0,0
625,69,1,107569,1,1,1,182336,0,3,8,3,10,0,0,0,0
703,36,7,135095,1,1,0,143859,0,5,4,5,8,0,1,1,0
730,32,9,127661,1,0,0,60905,0,5,2,4,4,0,0,0,0
684,35,3,137179,1,1,1,37264,0,4,3,5,2,0,0,0,0
435,44,3,151739,1,1,0,167461,0,1,6,5,9,0,1,1,1
701,35,2,0,2,1,1,65765,0,5,3,2,4,0,0,0,0
758,68,6,112595,1,1,0,35865,0,6,8,4,2,1,1,1,1
645,38,1,68079,1,0,1,166264,0,3,5,2,9,0,0,0,0
617,37,4,116471,2,1,0,175324,0,3,4,4,9,1,0,0,0
568,43,9,0,1,1,0,125870,0,2,6,1,7,1,1,1,1
638,34,7,0,2,0,0,3946,0,3,3,2,1,0,0,0,0
706,34,0,140641,2,1,1,77271,0,5,3,5,4,0,0,0,0
628,30,9,132351,2,1,1,74169,0,3,2,4,4,0,0,0,0
732,36,7,0,2,1,1,60830,0,5,4,1,4,0,0,0,0
612,42,5,141927,1,1,1,43018,0,3,6,5,3,0,0,0,0
524,32,1,144875,1,0,0,187740,0,1,2,5,10,0,0,0,0
639,38,3,0,1,1,0,42862,0,3,5,2,3,0,1,1,0
602,53,5,98268,1,0,1,45038,0,2,8,3,3,1,1,1,1
626,49,9,171787,2,1,0,187192,0,3,7,5,10,0,1,1,1
545,26,1,0,2,1,1,199638,0,1,1,1,10,0,0,0,0
668,42,8,187534,1,1,1,32900,0,4,6,5,2,1,0,0,0
570,21,7,116099,1,1,1,148087,0,2,1,4,8,0,0,0,0
723,37,3,94661,2,1,0,121239,0,5,4,3,7,0,0,0,0
697,42,9,132739,2,0,0,174667,0,5,6,4,9,0,1,1,0
682,81,6,122029,1,1,1,50783,0,4,8,4,3,0,0,0,0
641,31,10,155978,1,1,0,91510,0,3,2,5,5,0,0,0,0
735,53,8,123845,2,0,1,170454,0,5,8,4,9,1,0,0,0
724,37,6,125489,1,1,0,118570,0,5,4,4,6,0,1,1,1
577,29,2,0,1,1,1,168924,0,2,2,2,9,0,0,0,0
601,26,7,105514,2,1,0,50070,0,2,1,3,3,0,0,0,0
554,30,9,0,2,1,1,40320,0,2,2,1,2,0,0,0,0
555,35,1,0,2,1,0,101667,0,2,3,1,6,0,0,0,0
752,36,2,119912,1,1,0,124354,0,6,4,4,7,0,0,0,0
518,45,9,105525,2,1,1,73418,0,1,7,3,4,0,0,0,0
812,24,10,0,2,1,1,156906,0,6,1,1,8,0,0,0,0
808,33,2,103516,1,1,0,113907,0,6,3,3,6,0,0,0,0
526,32,7,125540,1,0,0,86786,0,1,2,4,5,0,0,0,0
481,37,8,0,2,1,0,44215,0,1,4,2,3,0,0,0,0
701,41,2,0,1,1,0,47856,0,5,6,2,3,0,1,1,0
594,24,0,97378,1,1,1,71405,0,2,1,3,4,0,0,0,0
511,57,8,122950,1,1,1,181258,0,1,8,4,10,0,0,0,0
850,32,4,156001,2,1,1,151677,0,6,2,5,8,0,0,0,0
551,30,2,143340,1,1,0,145796,0,1,2,5,8,0,0,0,0
581,26,3,105099,1,1,1,184520,0,2,1,3,10,1,0,0,0
740,43,9,0,1,1,0,199290,0,5,6,1,10,1,1,1,1
694,30,2,0,3,0,1,15039,0,4,2,2,1,0,0,0,0
727,47,7,0,2,1,0,193305,0,5,7,1,10,0,1,0,0
693,34,10,107556,2,0,0,154631,0,4,3,3,8,0,0,0,0
688,51,5,0,1,1,0,91624,0,4,7,1,5,1,1,1,1
508,44,3,115451,2,0,0,67234,0,1,6,4,4,0,1,1,1
640,29,4,0,2,1,0,44904,0,3,2,1,3,0,0,0,0
646,46,4,0,3,1,0,93251,0,3,7,1,5,1,1,1,1
649,41,2,125785,1,1,1,70523,0,3,6,4,4,0,0,0,0
512,36,4,152169,2,0,0,38629,0,1,4,5,2,1,0,0,0
681,38,2,99811,2,1,0,23531,0,4,5,3,2,0,0,0,0
567,43,2,115643,2,0,0,174606,0,2,6,4,9,0,1,1,1
507,36,9,118214,3,1,0,119110,0,1,4,4,6,1,1,1,1
691,33,6,0,2,1,0,164074,0,4,3,2,9,0,0,0,0
739,31,1,0,2,1,1,58469,0,5,2,1,3,0,0,0,0
698,33,5,135658,2,0,1,39755,0,5,3,5,2,0,0,0,0
638,44,9,77637,2,1,1,111346,0,3,6,3,6,0,0,0,0
718,25,4,108691,1,1,0,63030,0,5,1,3,4,0,0,0,0
593,46,2,76597,1,1,1,54453,0,2,7,3,3,0,1,1,0
556,30,7,0,2,1,1,186648,0,2,2,2,10,0,0,0,0
613,37,9,108286,1,1,1,114153,0,3,4,3,6,0,0,0,0
645,49,4,160133,1,0,1,88391,0,3,7,5,5,0,1,1,1
461,35,8,0,1,1,0,132295,0,1,3,1,7,0,0,1,1
850,47,10,134381,1,0,0,26812,0,6,7,5,2,1,1,1,1
658,37,3,168735,2,0,0,70370,0,4,4,5,4,0,0,0,1
561,45,2,168085,2,0,1,115719,0,2,7,5,6,0,0,0,0
573,38,4,0,2,1,1,196517,0,2,5,1,10,0,0,0,0
599,38,9,89111,1,0,0,157239,0,2,5,3,8,0,1,0,0
700,28,8,159900,1,0,0,22698,0,5,1,5,2,0,0,0,0
623,40,5,118788,1,1,0,192867,0,3,5,4,10,0,1,1,1
757,36,1,65349,1,0,0,64539,0,6,4,2,4,0,0,0,0
850,33,3,100476,2,1,1,136539,0,6,3,3,7,0,0,0,0
710,21,4,109130,2,1,1,56191,0,5,1,3,3,0,0,0,0
594,50,7,81310,1,1,1,183868,0,2,7,3,10,0,1,1,0
613,69,9,78778,1,0,1,8751,0,3,8,3,1,0,0,0,0
559,49,2,147069,1,1,0,120540,0,2,7,5,7,1,1,1,1
788,41,6,0,1,1,1,25571,0,6,6,1,2,0,0,0,0
699,25,8,0,2,1,1,52404,0,5,1,2,3,0,0,0,0
554,44,7,85304,1,1,1,58076,0,2,6,3,3,0,1,1,0
581,40,0,101016,1,0,1,7926,0,2,5,3,1,1,0,0,1
503,32,4,0,2,1,1,153036,0,1,2,2,8,0,0,0,0
695,63,1,146202,1,1,1,126688,0,4,8,5,7,1,0,0,0
523,30,1,83181,1,1,1,138176,0,1,2,3,7,0,0,0,0
635,35,7,0,2,1,1,65951,0,3,3,1,4,0,0,0,0
672,21,1,35741,1,1,0,28789,0,4,1,2,2,0,0,0,0
606,32,5,83161,1,1,1,116885,0,2,2,3,6,0,0,0,0
569,35,4,93934,1,1,0,184748,0,2,3,3,10,0,0,1,0
648,34,0,0,1,1,1,167931,0,3,3,2,9,0,0,0,0
610,35,7,81905,1,1,1,61623,0,3,3,3,4,0,0,0,0
544,64,3,124043,1,1,1,111402,0,1,8,4,6,1,0,0,0
686,38,2,93569,3,0,0,10137,0,4,5,3,1,1,1,1,1
535,38,2,119272,1,0,0,195896,0,1,5,4,10,1,1,1,1
784,28,2,109960,2,1,1,170829,0,6,1,3,9,0,0,0,0
655,27,10,0,2,1,0,51620,0,4,1,2,3,0,0,0,0
798,60,6,96956,1,1,0,31907,0,6,8,3,2,1,1,1,1
703,42,9,63227,1,0,1,137316,0,5,6,2,7,0,1,0,0
781,27,7,186558,1,1,1,175071,0,6,1,5,9,1,0,0,0
757,47,3,130747,1,1,0,143829,0,6,7,4,8,0,1,1,1
580,35,9,121355,1,0,1,35671,0,2,3,4,2,0,0,0,0
498,42,3,152039,1,1,1,53445,0,1,6,5,3,1,0,0,0
627,35,2,137852,1,1,1,172269,0,3,3,5,9,1,0,0,0
632,40,3,193354,2,1,0,149188,0,3,5,5,8,0,1,1,0
773,41,9,102827,1,0,1,64595,0,6,6,3,4,0,0,0,0
678,54,1,123699,2,0,1,105221,0,4,8,4,6,0,0,0,0
574,34,1,112572,1,0,0,165626,0,2,3,4,9,0,0,0,0
793,41,9,0,2,1,0,152153,0,6,6,1,8,0,0,0,0
579,39,5,117833,3,0,0,5831,0,2,5,4,1,1,1,1,1
657,75,7,126273,1,0,1,91673,0,4,8,4,5,0,0,0,0
627,39,5,124586,1,1,0,93132,0,3,5,4,5,1,1,1,0
793,32,1,96408,1,1,1,138191,0,6,2,3,7,0,0,0,0
788,34,6,156478,1,0,1,181196,0,6,3,5,10,0,0,0,0
648,41,5,123049,1,0,1,5066,0,3,6,4,1,0,0,0,0
686,47,5,170935,1,1,0,173179,0,4,7,5,9,1,1,1,1
689,40,8,160272,1,1,0,49656,0,4,5,5,3,0,1,1,1
606,40,9,95293,2,0,1,96985,0,2,5,3,5,0,0,0,0
638,50,1,102645,1,1,0,168359,0,3,7,3,9,1,1,1,1
596,27,2,151027,1,1,0,170320,0,2,1,5,9,0,0,0,0
564,48,5,132876,1,1,0,79259,0,2,7,4,4,0,1,1,1
689,46,7,52016,2,1,1,72993,0,4,7,2,4,0,0,0,0
540,25,5,116160,1,1,0,13411,0,1,1,4,1,0,0,0,0
727,52,1,154733,1,1,0,80259,0,5,8,5,5,1,1,1,1
714,35,6,126077,2,1,1,53954,0,5,3,4,3,0,0,0,0
635,31,1,0,2,1,0,135382,0,3,2,1,7,0,0,0,0
653,37,7,135847,1,1,0,144880,0,4,4,5,8,0,1,1,0
565,58,3,108888,3,0,1,135875,0,2,8,3,7,1,1,1,1
549,31,9,135020,2,1,1,23343,0,1,2,5,2,0,0,0,0
825,40,6,132308,1,0,0,117122,0,6,5,4,6,0,1,0,0
790,31,9,0,2,1,0,84126,0,6,2,1,5,0,0,0,0
666,74,7,105102,1,1,1,46172,0,4,8,3,3,0,0,0,0
427,39,9,0,2,1,0,28368,0,1,5,2,2,0,0,0,0
662,37,4,155187,1,1,0,48930,0,4,4,5,3,0,1,1,0
724,40,6,0,2,0,0,106149,0,5,5,1,6,0,0,0,0
726,37,2,132057,2,1,0,34743,0,5,4,4,2,0,0,0,0
596,21,4,210433,2,0,1,197297,0,2,1,5,10,1,0,0,0
629,32,2,0,2,0,1,77965,0,3,2,1,4,0,0,0,0
665,52,3,0,1,1,0,116137,0,4,8,1,6,1,1,1,1
632,41,3,126550,1,0,0,177644,0,3,6,4,9,1,1,1,1
667,36,9,0,2,1,1,40062,0,4,4,1,2,0,0,0,0
711,25,5,190066,1,0,0,51345,0,5,1,5,3,1,0,0,0
612,62,8,140745,1,1,0,193437,0,3,8,5,10,1,1,1,1
554,44,9,135814,2,0,0,115091,0,2,6,5,6,0,1,1,0
638,29,9,103417,1,1,1,15336,0,3,2,3,1,0,0,0,0
621,33,4,0,2,1,1,40299,0,3,3,1,2,0,0,0,0
554,42,1,0,2,0,1,183492,0,2,6,2,10,0,0,0,0
747,34,10,0,2,1,1,50759,0,5,3,2,3,0,0,0,0
561,49,5,94754,1,1,1,26691,0,2,7,3,2,0,1,1,1
695,46,3,122549,1,1,1,56297,0,4,7,4,3,0,1,1,1
635,65,5,117325,1,1,0,155799,0,3,8,4,8,1,1,1,1
781,19,3,0,2,1,1,124297,0,6,1,1,7,0,0,0,0
499,57,1,0,1,0,0,131372,0,1,8,1,7,1,1,1,1
621,47,7,107363,1,1,1,66799,0,3,7,3,4,0,1,1,1
667,77,2,0,1,1,1,34702,0,4,8,1,2,0,0,0,0
612,26,4,0,2,1,1,179780,0,3,1,1,10,0,0,0,0
718,29,2,0,1,1,0,126336,0,5,2,2,7,0,0,0,0
626,27,4,115084,2,0,1,26907,0,3,1,4,2,0,0,0,0
745,51,3,99183,1,1,1,28922,0,5,7,3,2,0,1,1,1
562,41,5,165445,2,1,0,85787,0,2,6,5,5,0,1,1,0
694,37,1,95668,2,1,0,100335,0,4,4,3,6,0,0,0,1
531,36,9,99240,1,1,0,123137,0,1,4,3,7,0,1,0,0
541,39,6,109844,1,1,0,25289,0,1,5,3,2,0,1,1,1
413,39,1,130969,2,1,1,158891,0,1,5,4,8,0,0,0,0
728,37,4,0,1,0,0,4539,0,5,4,1,1,0,1,1,0
667,48,1,97133,2,0,0,113316,0,4,7,3,6,1,1,1,1
744,54,6,93806,2,0,1,140068,0,5,8,3,8,0,0,0,1
479,51,1,107714,3,1,0,86128,0,1,7,3,5,1,1,1,1
713,45,4,131038,1,1,0,74005,0,5,7,4,4,1,1,1,1
590,37,6,169902,1,1,1,128256,0,2,4,5,7,0,0,0,0
787,32,4,0,2,1,1,13238,0,6,2,2,1,0,0,0,0
493,46,4,0,2,1,0,1907,0,1,7,1,1,0,1,0,0
649,47,1,0,2,1,1,145593,0,3,7,1,8,0,0,0,0
746,47,8,142382,1,1,1,62086,0,5,7,5,4,0,1,0,0
702,46,9,98444,1,0,1,109563,0,5,7,3,6,0,1,1,1
672,68,0,126061,2,1,1,184936,0,4,8,4,10,0,0,0,0
510,31,0,113688,1,1,0,33099,0,1,2,4,2,1,0,0,0
641,40,9,0,1,0,0,151648,0,3,5,1,8,1,1,1,1
613,19,5,0,1,1,1,176903,0,3,1,1,9,0,0,0,0
729,36,8,152899,2,1,0,177130,0,5,4,5,9,0,0,0,0
850,38,5,146756,1,1,0,78268,0,6,5,5,4,0,0,0,0
555,26,9,0,2,0,1,158918,0,2,1,1,8,0,0,0,0
829,22,7,150126,1,1,0,152107,0,6,1,5,8,1,0,0,0
656,68,7,153545,1,1,1,186574,0,4,8,5,10,0,0,0,0
624,35,7,119656,2,1,1,4595,0,3,3,4,1,0,0,0,0
548,57,6,76165,1,1,1,133537,0,1,8,3,7,0,0,0,0
614,39,8,125997,1,1,1,128049,0,3,5,4,7,1,0,0,0
661,35,5,0,1,1,0,155394,0,4,3,1,8,0,1,1,1
806,59,0,135296,1,1,0,182822,0,6,8,5,10,0,1,1,1
611,61,3,131583,4,0,1,66238,0,3,8,4,4,1,1,1,1
598,27,8,90721,2,1,0,109296,0,2,1,3,6,0,0,0,0
683,30,10,57657,1,0,0,79240,0,4,2,2,4,0,0,0,0
754,39,6,170184,2,1,0,89593,0,6,5,5,5,0,0,0,0
543,37,3,0,2,1,1,78915,0,1,4,1,4,0,0,0,0
479,37,6,118433,1,0,1,160060,0,1,4,4,9,0,0,0,0
598,48,6,120682,1,1,0,30635,0,2,7,4,2,1,1,1,1
681,47,9,97023,1,1,1,2168,0,4,7,3,1,0,1,1,0
804,55,7,0,2,1,1,118752,0,6,8,2,6,0,0,0,0
619,28,3,0,2,1,0,53394,0,3,1,2,3,0,0,0,0
696,29,8,0,2,1,0,191166,0,5,2,1,10,0,0,0,0
569,41,2,0,2,1,0,134272,0,2,6,2,7,0,0,0,0
766,62,7,142724,1,0,1,5893,0,6,8,5,1,1,0,0,0
503,29,3,0,2,1,1,143954,0,1,2,1,8,0,0,0,0
797,46,8,0,1,0,0,162668,0,6,7,2,9,0,1,1,1
583,36,8,0,2,0,1,5571,0,2,4,2,1,0,0,0,0
718,39,6,0,2,0,1,63889,0,5,5,2,4,0,0,0,0
430,38,8,153058,1,1,0,99377,0,1,5,5,5,0,1,1,0
637,33,2,145731,1,0,1,109219,0,3,3,5,6,0,0,0,0
559,48,2,0,2,0,1,137961,0,2,7,2,7,0,0,0,0
556,36,7,154872,2,1,1,32044,0,2,4,5,2,0,0,0,0
809,38,2,154763,2,1,1,174800,0,6,5,5,9,0,0,0,0
587,39,6,101851,2,1,0,7103,0,2,5,3,1,0,0,0,0
465,24,5,117154,1,1,1,127744,0,1,1,4,7,0,0,0,0
553,53,5,127997,1,1,0,165378,0,1,8,4,9,1,1,1,1
358,52,8,143542,3,1,0,141959,0,1,8,5,8,1,1,1,1
541,29,7,127504,1,0,0,86173,0,1,2,4,5,0,0,0,0
646,36,6,124445,1,1,0,88481,0,3,4,4,5,0,1,1,1
636,43,6,0,2,1,0,43128,0,3,6,1,3,0,1,0,0
588,35,7,0,2,1,1,108739,0,2,3,2,6,0,0,0,0
634,45,9,0,2,0,0,17622,0,3,7,1,1,0,1,0,0
716,18,3,128743,1,0,0,197322,0,5,1,4,10,0,0,0,0
505,36,2,79951,1,0,1,174123,0,1,4,3,9,1,0,0,0
693,37,6,95900,1,1,1,38196,0,4,4,3,2,0,0,0,0
609,37,5,129312,1,1,1,26793,0,3,4,4,2,0,0,0,0
757,71,0,88084,2,1,1,154337,0,6,8,3,8,0,0,0,0
620,42,1,0,2,0,1,65565,0,3,6,1,4,0,0,0,0
670,30,3,133446,1,0,0,3154,0,4,2,4,1,0,0,0,0
749,32,7,79523,1,0,1,157648,0,6,2,3,8,0,0,0,0
654,32,6,0,2,1,1,137898,0,4,2,1,7,0,0,0,0
663,26,5,141462,1,1,0,440,0,4,1,5,1,0,0,0,0
671,31,0,116234,1,1,0,172096,0,4,2,4,9,0,0,0,0
712,23,2,0,2,0,1,66795,0,5,1,2,4,0,0,0,0
616,46,2,0,2,1,0,137136,0,3,7,2,7,0,1,0,0
785,40,3,0,2,1,1,96832,0,6,5,1,5,0,0,0,0
719,48,5,0,2,0,0,78563,0,5,7,1,4,0,1,1,1
546,34,4,165363,2,1,1,25744,0,1,3,5,2,1,0,0,0
709,37,9,0,2,1,0,16733,0,5,4,2,1,0,0,0,0
786,37,7,165896,2,1,1,66977,0,6,4,5,4,0,0,0,0
760,38,6,162888,1,1,0,91098,0,6,5,5,5,1,0,0,0
577,40,1,0,2,1,1,108787,0,2,5,1,6,0,0,0,0
726,38,5,126875,1,1,0,128052,0,5,5,4,7,0,1,1,0
591,49,3,0,2,1,0,50123,0,2,7,2,3,0,1,1,0
620,42,4,106920,1,0,1,119747,0,3,6,3,7,0,1,0,0
628,39,1,115341,1,1,1,107674,0,3,5,4,6,1,0,0,0
550,25,0,0,2,1,1,184221,0,1,1,2,10,0,0,0,0
511,33,7,0,2,0,1,158313,0,1,3,1,8,0,0,0,0
705,33,7,68423,1,1,1,64872,0,5,3,2,4,0,0,0,0
540,67,1,88382,1,0,1,59457,0,1,8,3,3,0,0,0,0
703,36,2,0,2,1,0,108790,0,5,4,1,6,0,0,0,0
536,40,9,0,2,1,1,11959,0,1,5,2,1,0,0,0,0
659,34,9,134464,2,1,0,178833,0,4,3,5,9,0,0,0,0
761,32,4,103515,2,1,1,177622,0,6,2,3,9,0,0,0,0
540,37,6,0,2,1,0,141998,0,1,4,2,8,0,0,0,0
486,63,9,97009,1,1,1,85101,0,1,8,3,5,0,0,0,0
807,43,0,0,2,0,1,85523,0,6,6,1,5,0,0,0,0
514,43,1,95556,1,0,1,199273,0,1,6,3,10,1,1,1,1
725,41,7,113980,1,1,1,116704,0,5,6,4,6,0,0,0,0
738,49,3,0,3,1,1,65066,0,5,7,2,4,1,1,1,1
509,30,6,0,2,1,0,180598,0,1,2,1,10,0,0,0,0
678,54,7,128914,1,0,0,191746,0,4,8,4,10,1,1,1,1
577,43,3,127940,1,0,0,125140,0,2,6,4,7,1,1,1,1
702,37,10,150525,1,1,1,94728,0,5,4,5,5,0,0,0,0
648,42,2,98795,2,1,0,89123,0,3,6,3,5,0,1,1,0
629,28,8,108601,1,1,1,119647,0,3,1,3,6,0,0,0,0
802,40,4,0,2,1,1,81908,0,6,5,2,5,0,0,0,0
479,47,1,0,1,1,0,95270,0,1,7,2,5,0,1,1,1
691,44,6,134066,2,1,1,197572,0,4,6,5,10,0,0,0,0
606,61,5,108166,2,0,1,8643,0,2,8,3,1,0,0,0,0
601,40,3,92055,1,0,1,164652,0,2,5,3,9,1,0,0,1
781,42,3,156555,1,1,1,175674,0,6,6,5,9,0,0,0,0
554,26,8,149134,1,1,1,177966,0,2,1,5,9,0,0,0,0
728,37,3,122689,2,0,0,106977,0,5,4,4,6,1,0,1,1
696,42,4,0,1,0,0,126353,0,5,6,2,7,1,1,1,1
688,40,8,150679,2,0,1,196226,0,4,5,5,10,0,0,0,0
526,30,8,0,1,1,0,36251,0,1,2,1,2,0,0,0,0
635,78,6,47536,1,1,1,119400,0,3,8,2,6,0,0,0,0
582,32,4,0,2,1,0,59668,0,2,2,1,3,0,0,0,0
560,44,5,143244,1,1,0,98661,0,2,6,5,5,0,1,1,1
752,36,1,86837,1,1,1,105280,0,6,4,3,6,0,0,0,0
613,30,9,111927,1,1,1,175795,0,3,2,4,9,0,0,0,0
647,35,6,112668,1,0,1,122584,0,3,3,4,7,0,0,0,0
515,29,4,151012,2,1,0,9770,0,1,2,5,1,0,0,0,0
604,35,7,147285,1,1,1,57807,0,2,3,5,3,0,0,0,0
449,31,1,113693,1,0,0,82796,0,1,2,4,5,0,0,0,0
699,36,6,147137,1,1,1,33687,0,5,4,5,2,0,0,0,0
795,35,8,0,2,1,0,167155,0,6,3,1,9,0,0,0,0
623,40,7,0,1,1,1,25904,0,3,5,1,2,0,0,0,0
590,47,0,117879,1,1,1,8214,0,2,7,4,1,0,1,1,1
632,38,1,120599,1,1,0,92816,0,3,5,4,5,0,1,1,0
568,27,1,116320,1,0,1,45563,0,2,1,4,3,0,0,0,0
764,24,7,98148,1,1,0,26843,0,6,1,3,2,0,0,0,0
684,24,8,143582,1,1,1,22527,0,4,1,5,2,0,0,0,0
617,74,10,0,2,1,1,53949,0,3,8,1,3,0,0,0,0
707,34,9,162691,2,1,0,94912,0,5,3,5,5,0,0,0,0
635,37,5,113488,1,1,0,95611,0,3,4,4,5,1,1,1,1
846,38,5,0,1,1,1,187616,0,6,5,1,10,0,0,0,0
500,30,2,125495,2,1,1,68807,0,1,2,4,4,0,0,0,0
623,35,0,130557,1,1,1,47880,0,3,3,4,3,0,0,0,0
474,33,5,0,2,1,0,181945,0,1,3,1,10,1,0,0,0
586,42,6,0,2,1,1,123410,0,2,6,2,7,0,0,0,0
823,38,1,0,2,1,0,156603,0,6,5,1,8,0,0,0,0
584,35,6,161613,2,1,1,148238,0,2,3,5,8,0,0,0,0
622,31,5,106260,1,1,1,2578,0,3,2,3,1,0,0,0,0
564,33,2,115761,1,0,1,112350,0,2,3,4,6,1,0,0,0
746,25,9,0,2,0,1,88728,0,5,1,2,5,0,0,0,0
437,26,1,120923,1,0,1,78854,0,1,1,4,4,0,0,0,0
588,37,2,0,2,0,1,187816,0,2,4,2,10,0,0,0,0
569,41,4,120243,1,1,0,163150,0,2,6,4,9,1,1,1,1
545,32,4,0,1,1,0,94739,0,1,2,1,5,0,0,1,1
666,35,2,104832,1,1,0,175015,0,4,3,3,9,0,0,1,0
373,42,7,0,1,1,0,77786,0,1,6,2,4,1,1,1,1
681,33,10,0,1,0,0,158336,0,4,3,2,8,0,0,0,0
695,32,9,0,3,0,1,38533,0,4,2,2,2,0,0,0,0
659,42,2,0,1,0,0,162734,0,4,6,2,9,1,1,1,1
534,41,9,0,2,1,0,13871,0,1,6,2,1,0,0,0,0
534,24,1,0,1,1,1,169653,0,1,1,1,9,0,0,0,0
511,46,1,0,1,1,1,115779,0,1,7,2,6,1,1,1,0
529,35,5,0,2,1,0,56518,0,1,3,2,3,0,0,0,0
727,71,8,0,1,1,1,198446,0,5,8,1,10,1,0,0,0
568,28,5,145105,2,1,0,185489,0,2,1,5,10,0,0,0,0
709,37,7,0,1,1,0,159486,0,5,4,1,8,0,1,1,1
652,33,3,124832,1,1,0,195877,0,3,3,4,10,0,0,0,1
809,80,8,0,2,0,1,34164,0,6,8,1,2,0,0,0,0
564,62,5,114931,3,0,1,18260,0,2,8,4,1,1,1,1,1
724,69,5,117866,1,1,1,62280,0,5,8,4,4,0,0,0,0
678,26,3,0,2,1,0,4989,0,4,1,2,1,0,0,0,0
613,59,8,91415,1,0,0,27965,0,3,8,3,2,1,1,1,1
766,32,6,185714,1,1,1,102502,0,6,2,5,6,0,0,0,0
544,37,2,0,2,0,0,135067,0,1,4,2,7,0,0,0,0
699,29,9,127570,2,1,0,164756,0,5,2,4,9,0,0,0,0
516,27,9,0,1,1,0,142680,0,1,1,1,8,1,0,0,0
789,39,7,124828,2,1,1,124411,0,6,5,4,7,0,0,0,0
694,40,9,0,2,1,0,40463,0,4,5,2,2,0,0,0,0
701,41,10,0,2,1,1,146257,0,5,6,2,8,0,0,0,0
751,37,9,183613,2,0,0,49734,0,6,4,5,3,0,0,0,0
505,33,3,106506,3,1,0,45445,0,1,3,3,3,1,0,1,1
499,28,4,141792,1,1,1,22001,0,1,1,5,2,0,0,0,0
850,30,10,153972,2,1,0,62811,0,6,2,5,4,0,0,0,0
849,49,9,132934,1,1,0,171056,0,6,7,4,9,1,1,1,1
792,31,6,71269,2,0,1,125912,0,6,2,2,7,0,0,0,0
522,37,3,95022,1,1,1,129107,0,1,4,3,7,0,0,0,0
720,33,9,0,2,1,1,142956,0,5,3,1,8,0,0,0,0
758,35,5,0,2,1,0,95009,0,6,3,2,5,0,0,0,0
753,33,5,122568,2,1,1,82820,0,6,3,4,5,0,0,0,0
792,40,7,0,1,1,0,141652,0,6,5,2,8,0,1,0,0
748,34,8,0,2,1,0,53584,0,5,3,2,3,0,0,0,0
518,46,4,113625,1,0,0,92727,0,1,7,4,5,1,1,1,1
692,43,10,118588,1,1,1,161241,0,4,6,4,9,1,0,0,0
751,28,10,132932,2,1,1,46630,0,6,1,4,3,0,0,0,0
692,40,6,163505,1,0,0,90424,0,4,5,5,5,0,1,1,1
552,34,5,0,2,1,1,1351,0,1,3,1,1,0,0,0,0
535,29,2,112367,1,1,0,185630,0,1,2,4,10,0,0,0,0
682,28,10,200724,1,0,1,82872,0,4,1,5,5,1,0,0,0
495,38,2,63093,1,1,1,47089,0,1,5,2,3,0,0,0,0
631,55,9,99685,1,1,0,114474,0,3,8,3,6,0,1,1,1
572,35,4,152390,1,1,0,128123,0,2,3,5,7,0,0,1,0
569,34,3,0,1,1,0,133997,0,2,3,1,7,0,0,1,1
811,39,7,0,2,1,1,177519,0,6,5,1,9,0,0,0,0
648,34,3,0,1,1,0,54726,0,3,3,1,3,0,0,1,1
606,30,8,180307,2,1,1,1914,0,2,2,5,1,0,0,0,0
675,32,1,0,3,1,0,85901,0,4,2,2,5,0,0,0,0
474,26,6,0,2,0,0,152491,0,1,1,2,8,0,0,0,0
562,42,2,100238,1,0,0,86797,0,2,6,3,5,0,1,1,1
528,46,9,135555,1,1,0,133146,0,1,7,5,7,1,1,1,1
581,49,10,0,2,0,0,41623,0,2,7,1,3,0,1,1,1
802,33,8,0,2,1,0,143706,0,6,3,1,8,0,0,0,0
677,39,0,111213,2,1,1,147578,0,4,5,4,8,0,0,0,0
711,43,2,39043,2,1,1,175423,0,5,6,2,9,0,0,0,0
548,35,10,0,1,1,1,31299,0,1,3,1,2,0,0,0,0
628,38,10,113525,1,1,0,46044,0,3,5,4,3,1,1,1,0
363,28,6,146098,3,1,0,100615,0,1,1,5,6,1,0,1,1
606,40,6,119501,2,1,0,46774,0,2,5,4,3,0,1,1,1
517,62,1,43772,3,1,0,187756,0,1,8,2,10,1,1,1,1
619,43,1,125211,1,1,1,113410,0,3,6,4,6,0,1,1,0
420,34,1,135549,1,0,0,149471,0,1,3,5,8,1,0,0,0
569,30,6,106629,1,0,1,44114,0,2,2,3,3,0,0,0,0
550,22,6,154377,1,1,1,51721,0,1,1,5,3,0,0,0,0
526,42,1,0,1,0,1,168486,0,1,6,1,9,0,1,1,1
565,33,8,130368,2,1,0,105642,0,2,3,4,6,0,0,0,0
679,38,7,110555,2,1,0,46522,0,4,5,4,3,0,0,0,0
748,44,4,112610,1,0,1,2048,0,5,6,4,1,0,1,1,1
549,52,1,0,1,0,1,8636,0,1,8,1,1,1,1,1,1
850,36,3,169025,1,1,0,174235,0,6,4,5,9,0,0,0,0
613,38,9,126265,2,0,0,15859,0,3,5,4,1,0,0,0,0
570,36,3,0,2,1,0,92118,0,2,4,2,5,0,0,0,0
546,24,8,156325,1,1,1,125381,0,1,1,5,7,0,0,0,0
561,32,6,166824,1,1,0,139451,0,2,2,5,8,0,0,0,0
618,56,7,0,1,1,1,142400,0,3,8,1,8,1,1,1,1
705,39,6,133261,1,1,1,78065,0,5,5,4,4,0,0,0,0
837,38,2,0,2,1,1,46395,0,6,5,2,3,0,0,0,0
646,46,8,0,2,1,0,133059,0,3,7,2,7,0,1,0,0
671,35,1,144848,1,1,1,179012,0,4,3,5,9,0,0,0,0
757,31,1,127320,3,1,0,163170,0,6,2,4,9,0,0,1,1
432,45,3,110219,1,1,0,43046,0,1,7,4,3,1,1,1,1
628,30,8,89182,1,1,1,13126,0,3,2,3,1,0,0,0,0
771,66,7,143773,1,1,1,130827,0,6,8,5,7,0,0,0,0
534,35,4,0,2,0,0,9541,0,1,3,2,1,0,0,0,0
687,35,8,0,2,1,0,10334,0,4,3,1,1,0,0,0,0
701,39,9,0,2,0,1,145894,0,5,5,1,8,0,0,0,0
678,38,3,124483,1,1,0,126253,0,4,5,4,7,0,1,1,0
678,43,2,153393,2,1,1,193828,0,4,6,5,10,0,0,0,0
571,37,9,139592,3,1,0,104152,0,2,4,5,6,1,1,1,1
668,43,1,147167,1,0,0,141679,0,4,6,5,8,0,1,1,1
759,45,8,0,2,1,1,99251,0,6,7,2,5,0,0,0,0
850,38,2,0,2,1,0,9015,0,6,5,2,1,0,0,0,0
600,26,6,108909,1,1,0,82547,0,2,1,3,5,0,0,0,0
697,42,1,0,1,1,0,1262,0,5,6,2,1,1,1,1,0
688,26,0,0,2,1,0,105784,0,4,1,2,6,0,0,0,0
730,39,1,99010,1,1,0,194945,0,5,5,3,10,0,1,1,0
775,42,6,133970,2,0,1,187839,0,6,6,5,10,0,0,0,0
618,33,4,0,2,1,1,77550,0,3,3,1,4,0,0,0,0
707,35,3,56674,1,1,0,17987,0,5,3,2,1,1,0,1,0
683,30,8,110829,2,0,0,24938,0,4,2,4,2,0,0,0,0
809,50,10,118098,1,1,1,100720,0,6,7,4,6,1,0,0,0
650,41,3,128808,3,0,0,113677,0,3,6,4,6,1,1,1,1
608,27,4,153325,1,1,1,199953,0,2,1,5,10,0,0,0,0
715,38,5,118590,1,1,1,5684,0,5,5,4,1,1,0,0,0
604,25,7,165413,1,1,1,35279,0,2,1,5,2,0,0,0,0
469,33,1,127818,1,1,0,163477,0,1,3,4,9,0,0,0,0
731,30,7,0,2,0,1,143086,0,5,2,2,8,0,0,0,0
709,32,2,87814,1,1,0,138578,0,5,2,3,7,0,0,0,0
758,34,1,154139,1,1,1,60728,0,6,3,5,3,0,0,0,0
613,45,9,142765,2,1,0,34749,0,3,7,5,2,0,1,1,0
425,40,9,166776,2,0,1,172646,0,1,5,5,9,0,0,0,0
633,29,7,0,1,1,1,130224,0,3,2,2,7,0,0,0,0
798,38,4,129055,1,1,0,157147,0,6,5,4,8,0,0,0,0
591,35,7,183027,1,1,1,56028,0,2,3,5,3,0,0,0,0
678,27,5,87099,2,1,0,149550,0,4,1,3,8,0,0,0,0
613,34,3,0,1,1,1,41724,0,3,3,1,3,0,0,0,0
568,30,8,73054,2,1,1,27012,0,2,2,2,2,0,0,0,0
675,57,8,0,2,0,1,95463,0,4,8,1,5,0,0,0,0
549,24,9,0,2,1,1,14406,0,1,1,1,1,0,0,0,0
835,35,6,127120,1,1,0,28707,0,6,3,4,2,0,0,1,0
650,61,1,152968,1,0,1,82970,0,3,8,5,5,0,0,0,0
685,33,6,0,2,0,1,186785,0,4,3,2,10,0,0,0,0
662,44,8,0,2,1,1,175314,0,4,6,2,9,0,0,0,0
555,27,8,102000,1,1,1,116757,0,2,1,3,6,0,0,0,0
583,40,3,54428,1,1,0,109638,0,2,5,2,6,1,1,1,1
682,47,10,134032,1,1,0,144290,0,4,7,5,8,0,1,1,1
746,33,2,107868,2,1,1,146192,0,5,3,3,8,0,0,0,0
746,37,2,0,2,1,0,143194,0,5,4,2,8,0,0,0,0
850,34,8,199229,1,0,0,68106,0,6,3,5,4,0,0,0,0
637,39,9,137843,1,1,1,117622,0,3,5,5,6,1,0,0,0
628,25,7,0,2,1,1,195977,0,3,1,2,10,0,0,0,0
516,37,8,113143,1,0,0,3363,0,1,4,4,1,0,1,1,0
690,29,5,0,2,1,0,108577,0,4,2,1,6,0,0,0,0
535,27,6,0,2,0,1,49775,0,1,1,2,3,0,0,0,0
616,23,8,73112,1,1,1,62733,0,3,1,3,4,0,0,0,0
625,51,4,124620,2,1,0,92243,0,3,7,4,5,1,1,1,1
772,26,7,152400,2,1,0,79414,0,6,1,5,4,0,0,0,0
575,31,6,0,2,1,1,95686,0,2,2,1,5,0,0,0,0
778,42,6,0,2,1,1,106197,0,6,6,1,6,0,0,0,0
672,52,8,170008,1,0,0,56407,0,4,8,5,3,1,1,1,1
741,36,3,0,2,1,1,89804,0,5,4,2,5,0,0,0,0
652,42,3,83492,2,1,0,37914,0,3,6,3,2,0,1,1,0
559,70,9,0,1,1,1,122996,0,2,8,1,7,0,0,0,0
633,46,3,0,2,1,0,120250,0,3,7,1,7,0,1,0,0
652,31,1,132862,1,0,0,158054,0,3,2,4,8,0,0,0,1
672,53,9,169406,4,1,1,147311,0,4,8,5,8,1,1,1,1
775,30,4,0,2,0,1,57461,0,6,2,1,3,0,0,0,0
666,34,9,115897,1,1,1,25095,0,4,3,4,2,0,0,0,0
761,37,7,132730,1,1,0,199293,0,6,4,4,10,0,0,0,0
590,36,1,0,2,1,0,48876,0,2,4,2,3,0,0,0,0
691,38,5,114753,1,1,0,107665,0,4,5,4,6,0,1,1,1
759,33,2,0,2,1,0,56583,0,6,3,2,3,0,0,0,0
584,46,6,87361,2,1,0,120376,0,2,7,3,7,1,1,1,0
743,40,6,0,1,1,0,28280,0,5,5,1,2,1,1,1,1
487,44,6,61691,1,1,1,53087,0,1,6,2,3,0,1,1,1
445,34,7,131082,2,1,1,70618,0,1,3,4,4,0,0,0,0
686,25,1,0,2,0,1,16459,0,4,1,1,1,0,0,0,0
444,40,5,84350,1,1,0,143835,0,1,5,3,8,0,1,1,1
775,33,1,118897,2,1,1,26362,0,6,3,4,2,0,0,0,0
540,48,2,109349,1,1,0,88703,0,1,7,3,5,1,1,1,1
556,38,2,114756,1,1,0,193214,0,2,5,4,10,0,1,1,0
576,32,7,0,2,1,0,4660,0,2,2,1,1,0,0,0,0
708,52,10,105355,1,1,0,123,0,5,8,3,1,1,1,0,1
705,39,3,92224,1,1,1,54517,0,5,5,3,3,0,0,0,0
721,46,7,137933,1,1,1,67976,0,5,7,5,4,0,1,0,0
501,57,10,0,2,1,1,47847,0,1,8,1,3,0,0,0,0
500,45,2,109162,1,1,1,126145,0,1,7,3,7,0,1,1,1
714,49,4,93059,1,1,0,7571,0,5,7,3,1,1,1,1,1
660,28,2,170890,2,1,0,41758,0,4,1,5,3,0,0,0,0
802,29,9,127414,1,1,1,134459,0,6,2,4,7,0,0,0,0
679,50,6,132598,2,1,1,184017,0,4,7,4,10,0,0,0,0
576,28,1,119336,2,0,1,58976,0,2,1,4,3,0,0,0,0
581,41,8,0,2,0,0,29737,0,2,6,1,2,0,1,0,0
602,35,8,0,1,1,1,22499,0,2,3,2,2,0,0,0,0
589,32,2,0,2,0,1,9468,0,2,2,1,1,0,0,0,0
367,42,6,93608,1,1,0,168816,0,1,6,3,9,1,1,1,1
528,36,7,0,2,1,0,60536,0,1,4,1,3,0,0,0,0
618,37,5,0,1,0,1,178705,0,3,4,2,9,1,0,0,0
741,50,1,78737,1,1,1,13018,0,5,7,3,1,0,1,1,1
721,40,6,100275,1,1,0,138564,0,5,5,3,7,1,1,1,1
376,29,4,115046,4,1,0,119346,0,1,2,4,6,1,0,1,1
658,42,8,102870,1,0,1,103764,0,4,6,3,6,1,1,0,0
624,36,10,0,2,0,1,186180,0,3,4,2,10,0,0,0,0
624,71,4,170252,3,1,1,73679,0,3,8,5,4,1,1,0,0
642,40,8,109219,1,1,0,52827,0,3,5,3,3,0,1,1,1
619,25,4,0,1,1,0,145524,0,3,1,1,8,0,0,0,0
683,24,8,98567,1,1,0,187987,0,4,1,3,10,0,0,0,0
627,30,3,128770,2,1,1,40199,0,3,2,4,2,0,0,0,0
751,48,9,0,1,1,0,137508,0,6,7,2,7,1,1,1,1
711,26,9,128793,1,1,0,19262,0,5,1,4,1,0,0,0,0
606,32,6,0,2,0,1,36540,0,2,2,2,2,0,0,0,0
628,40,10,0,2,1,0,103832,0,3,5,2,6,0,0,0,0
645,37,2,136925,2,0,1,153400,0,3,4,5,8,0,0,0,0
486,37,1,101438,1,0,0,51364,0,1,4,3,3,0,1,1,0
547,25,4,98141,2,1,1,52309,0,1,1,3,3,0,0,0,0
580,29,9,61710,2,1,0,128077,0,2,2,2,7,0,0,0,0
630,43,9,0,2,1,1,34338,0,3,6,1,2,0,0,0,0
742,25,4,132116,2,1,0,129933,0,5,1,4,7,0,0,0,0
510,30,0,0,2,1,1,130553,0,1,2,1,7,0,0,0,0
685,25,10,128509,1,1,0,121562,0,4,1,4,7,0,0,0,0
603,26,4,109166,1,1,1,92840,0,2,1,3,5,0,0,0,0
600,53,7,106261,1,1,0,93629,0,2,8,3,5,1,1,1,1
659,39,8,106259,2,1,1,198103,0,4,5,3,10,0,0,0,0
850,28,9,0,2,1,1,164864,0,6,1,2,9,0,0,0,0
622,31,7,0,1,1,0,35408,0,3,2,2,2,0,0,0,0
627,44,6,153548,1,0,0,35300,0,3,6,5,2,1,1,1,1
795,36,1,151844,1,1,1,135388,0,6,4,5,7,0,0,0,0
721,43,3,88798,1,0,0,45610,0,5,6,3,3,0,1,1,1
560,49,4,0,1,1,1,100075,0,2,7,2,5,1,1,1,0
721,35,10,0,2,1,0,71594,0,5,3,1,4,0,0,0,0
567,47,2,0,1,0,0,110900,0,2,7,2,6,1,1,1,1
637,43,1,135645,2,0,1,101382,0,3,6,5,6,1,0,0,0
525,26,7,153644,1,1,1,63197,0,1,1,5,4,0,0,0,0
735,21,1,178718,2,1,0,22388,0,5,1,5,2,0,0,0,0
532,39,0,0,2,1,0,94977,0,1,5,2,5,0,0,0,0
457,33,7,127837,1,0,1,60013,0,1,3,4,3,0,0,0,0
587,40,2,0,4,0,1,106174,0,2,5,1,6,1,0,0,1
735,39,1,60374,1,1,0,40223,0,5,5,2,2,0,1,1,1
569,44,4,0,2,0,0,134394,0,2,6,2,7,0,1,0,0
684,56,8,78707,1,1,1,99398,0,4,8,3,5,0,0,0,0
732,33,8,111379,1,1,1,45098,0,5,3,4,3,0,0,0,0
686,41,4,129553,2,1,0,187599,0,4,6,4,10,0,1,1,0
733,33,7,187257,1,0,1,190430,0,5,3,5,10,0,0,0,0
783,39,9,0,2,1,0,143752,0,6,5,1,8,0,0,0,0
